ID_Pedido,Data,Produto,Categoria,Quantidade,Preco_Unitario,Regiao,Vendedor,Total_Venda
1849,2025-01-01,Monitor,Informática,2,800.0,Norte,Eduardo,1600.0
1678,2025-01-01,Mouse,Acessórios,1,80.0,Leste,Daniela,80.0
1649,2025-01-01,Mouse,Acessórios,2,80.0,Leste,Eduardo,160.0
1756,2025-01-01,Tablet,Eletrônicos,1,1200.0,Centro-Oeste,Ana,1200.0
1992,2025-01-01,Teclado,Acessórios,4,150.0,Centro-Oeste,Daniela,600.0
1447,2025-01-01,Laptop,Informática,3,3500.0,Norte,Ana,10500.0
1207,2025-01-02,Teclado,Acessórios,1,150.0,Norte,Daniela,150.0
1264,2025-01-02,Teclado,Acessórios,4,150.0,Centro-Oeste,Carlos,600.0
1064,2025-01-02,Laptop,Informática,2,3500.0,Sul,Ana,7000.0
1896,2025-01-03,Mouse,Acessórios,1,80.0,Centro-Oeste,Bruno,80.0
1949,2025-01-04,Tablet,Eletrônicos,1,1200.0,Sul,Eduardo,1200.0
1497,2025-01-04,Smartphone,Eletrônicos,1,1500.0,Leste,Ana,1500.0
1326,2025-01-04,Headset,Acessórios,3,250.0,Leste,Ana,750.0
1969,2025-01-04,Monitor,Informática,2,800.0,Norte,Bruno,1600.0
1614,2025-01-05,Laptop,Informática,1,3500.0,Centro-Oeste,Bruno,3500.0
1416,2025-01-05,Tablet,Eletrônicos,2,1200.0,Sul,Bruno,2400.0
1721,2025-01-05,Tablet,Eletrônicos,2,1200.0,Centro-Oeste,Eduardo,2400.0
1129,2025-01-05,Monitor,Informática,1,800.0,Leste,Eduardo,800.0
1843,2025-01-05,Headset,Acessórios,2,250.0,Norte,Eduardo,500.0
1965,2025-01-06,Teclado,Acessórios,1,150.0,Norte,Bruno,150.0
1742,2025-01-06,Tablet,Eletrônicos,4,1200.0,Norte,Carlos,4800.0
1335,2025-01-06,Mouse,Acessórios,2,80.0,Centro-Oeste,Eduardo,160.0
1935,2025-01-06,Smartphone,Eletrônicos,3,1500.0,Leste,Ana,4500.0
1895,2025-01-07,Laptop,Informática,2,3500.0,Leste,Eduardo,7000.0
1606,2025-01-07,Smartphone,Eletrônicos,3,1500.0,Centro-Oeste,Bruno,4500.0
1829,2025-01-08,Teclado,Acessórios,2,150.0,Centro-Oeste,Ana,300.0
1688,2025-01-08,Monitor,Informática,2,800.0,Centro-Oeste,Bruno,1600.0
1876,2025-01-08,Monitor,Informática,2,800.0,Leste,Bruno,1600.0
1098,2025-01-09,Smartphone,Eletrônicos,2,1500.0,Centro-Oeste,Ana,3000.0
1270,2025-01-09,Headset,Acessórios,1,250.0,Sul,Bruno,250.0
1602,2025-01-09,Smartphone,Eletrônicos,1,1500.0,Leste,Eduardo,1500.0
1715,2025-01-10,Smartphone,Eletrônicos,3,1500.0,Norte,Ana,4500.0
1485,2025-01-10,Headset,Acessórios,2,250.0,Sul,Ana,500.0
1852,2025-01-12,Teclado,Acessórios,1,150.0,Centro-Oeste,Ana,150.0
1682,2025-01-12,Tablet,Eletrônicos,1,1200.0,Centro-Oeste,Daniela,1200.0
1519,2025-01-12,Mouse,Acessórios,1,80.0,Oeste,Eduardo,80.0
1917,2025-01-13,Tablet,Eletrônicos,4,1200.0,Sul,Ana,4800.0
1379,2025-01-13,Laptop,Informática,1,3500.0,Centro-Oeste,Ana,3500.0
1152,2025-01-13,Laptop,Informática,1,3500.0,Sul,Daniela,3500.0
1555,2025-01-13,Headset,Acessórios,2,250.0,Oeste,Carlos,500.0
1051,2025-01-14,Mouse,Acessórios,2,80.0,Leste,Ana,160.0
1676,2025-01-14,Tablet,Eletrônicos,2,1200.0,Norte,Ana,2400.0
1886,2025-01-14,Smartphone,Eletrônicos,3,1500.0,Leste,Eduardo,4500.0
1892,2025-01-14,Laptop,Informática,2,3500.0,Centro-Oeste,Bruno,7000.0
1135,2025-01-15,Monitor,Informática,4,800.0,Centro-Oeste,Carlos,3200.0
1093,2025-01-15,Laptop,Informática,3,3500.0,Sul,Daniela,10500.0
1904,2025-01-15,Headset,Acessórios,3,250.0,Centro-Oeste,Ana,750.0
1498,2025-01-16,Laptop,Informática,4,3500.0,Norte,Ana,14000.0
1330,2025-01-17,Smartphone,Eletrônicos,4,1500.0,Norte,Eduardo,6000.0
1353,2025-01-18,Tablet,Eletrônicos,3,1200.0,Sul,Carlos,3600.0
1567,2025-01-19,Teclado,Acessórios,2,150.0,Norte,Eduardo,300.0
1637,2025-01-19,Smartphone,Eletrônicos,2,1500.0,Oeste,Carlos,3000.0
1384,2025-01-20,Laptop,Informática,1,3500.0,Norte,Daniela,3500.0
1672,2025-01-20,Laptop,Informática,4,3500.0,Norte,Eduardo,14000.0
1988,2025-01-20,Teclado,Acessórios,3,150.0,Centro-Oeste,Carlos,450.0
1045,2025-01-21,Teclado,Acessórios,3,150.0,Oeste,Ana,450.0
1007,2025-01-21,Teclado,Acessórios,4,150.0,Centro-Oeste,Carlos,600.0
1847,2025-01-22,Headset,Acessórios,3,250.0,Centro-Oeste,Eduardo,750.0
1308,2025-01-22,Monitor,Informática,2,800.0,Sul,Bruno,1600.0
1026,2025-01-22,Mouse,Acessórios,4,80.0,Leste,Daniela,320.0
1748,2025-01-23,Smartphone,Eletrônicos,1,1500.0,Centro-Oeste,Ana,1500.0
1483,2025-01-23,Laptop,Informática,3,3500.0,Leste,Carlos,10500.0
1581,2025-01-25,Laptop,Informática,2,3500.0,Norte,Carlos,7000.0
1919,2025-01-25,Smartphone,Eletrônicos,4,1500.0,Leste,Eduardo,6000.0
1915,2025-01-25,Mouse,Acessórios,1,80.0,Oeste,Ana,80.0
1978,2025-01-26,Monitor,Informática,4,800.0,Oeste,Ana,3200.0
1873,2025-01-26,Mouse,Acessórios,1,80.0,Leste,Ana,80.0
1376,2025-01-26,Mouse,Acessórios,2,80.0,Oeste,Daniela,160.0
1317,2025-01-27,Smartphone,Eletrônicos,2,1500.0,Sul,Daniela,3000.0
1110,2025-01-28,Tablet,Eletrônicos,2,1200.0,Centro-Oeste,Carlos,2400.0
1165,2025-01-28,Smartphone,Eletrônicos,3,1500.0,Oeste,Daniela,4500.0
1907,2025-01-28,Teclado,Acessórios,4,150.0,Norte,Carlos,600.0
1697,2025-01-28,Teclado,Acessórios,4,150.0,Centro-Oeste,Bruno,600.0
1887,2025-01-28,Mouse,Acessórios,1,80.0,Centro-Oeste,Eduardo,80.0
1150,2025-01-29,Tablet,Eletrônicos,3,1200.0,Leste,Bruno,3600.0
1615,2025-01-29,Headset,Acessórios,2,250.0,Leste,Eduardo,500.0
1802,2025-01-30,Mouse,Acessórios,2,80.0,Oeste,Carlos,160.0
1960,2025-01-31,Monitor,Informática,2,800.0,Norte,Daniela,1600.0
1115,2025-02-02,Mouse,Acessórios,1,80.0,Norte,Daniela,80.0
1508,2025-02-02,Laptop,Informática,2,3500.0,Norte,Eduardo,7000.0
1306,2025-02-02,Mouse,Acessórios,1,80.0,Norte,Carlos,80.0
1815,2025-02-03,Tablet,Eletrônicos,2,1200.0,Sul,Bruno,2400.0
1855,2025-02-03,Monitor,Informática,1,800.0,Leste,Bruno,800.0
1762,2025-02-03,Tablet,Eletrônicos,2,1200.0,Norte,Bruno,2400.0
1928,2025-02-03,Monitor,Informática,4,800.0,Centro-Oeste,Carlos,3200.0
1124,2025-02-04,Teclado,Acessórios,2,150.0,Leste,Ana,300.0
1524,2025-02-04,Monitor,Informática,4,800.0,Oeste,Eduardo,3200.0
1059,2025-02-04,Laptop,Informática,4,3500.0,Sul,Carlos,14000.0
1327,2025-02-04,Teclado,Acessórios,3,150.0,Norte,Eduardo,450.0
1709,2025-02-04,Teclado,Acessórios,2,150.0,Sul,Bruno,300.0
1963,2025-02-05,Teclado,Acessórios,4,150.0,Sul,Daniela,600.0
1382,2025-02-05,Tablet,Eletrônicos,4,1200.0,Oeste,Eduardo,4800.0
1151,2025-02-05,Mouse,Acessórios,2,80.0,Norte,Eduardo,160.0
1546,2025-02-05,Laptop,Informática,4,3500.0,Leste,Ana,14000.0
1338,2025-02-06,Monitor,Informática,4,800.0,Norte,Bruno,3200.0
1552,2025-02-06,Smartphone,Eletrônicos,4,1500.0,Centro-Oeste,Carlos,6000.0
1268,2025-02-06,Teclado,Acessórios,1,150.0,Sul,Eduardo,150.0
1311,2025-02-07,Headset,Acessórios,4,250.0,Centro-Oeste,Carlos,1000.0
1996,2025-02-07,Mouse,Acessórios,4,80.0,Norte,Bruno,320.0
1250,2025-02-08,Monitor,Informática,2,800.0,Leste,Daniela,1600.0
1909,2025-02-08,Tablet,Eletrônicos,2,1200.0,Oeste,Carlos,2400.0
1477,2025-02-08,Headset,Acessórios,3,250.0,Sul,Eduardo,750.0
1373,2025-02-08,Monitor,Informática,3,800.0,Oeste,Eduardo,2400.0
1638,2025-02-08,Monitor,Informática,3,800.0,Sul,Carlos,2400.0
1766,2025-02-08,Mouse,Acessórios,1,80.0,Oeste,Carlos,80.0
1586,2025-02-08,Mouse,Acessórios,2,80.0,Leste,Ana,160.0
1961,2025-02-09,Headset,Acessórios,3,250.0,Leste,Carlos,750.0
1091,2025-02-10,Headset,Acessórios,2,250.0,Leste,Eduardo,500.0
1109,2025-02-10,Teclado,Acessórios,3,150.0,Centro-Oeste,Ana,450.0
1700,2025-02-10,Tablet,Eletrônicos,1,1200.0,Centro-Oeste,Carlos,1200.0
1137,2025-02-11,Teclado,Acessórios,3,150.0,Norte,Daniela,450.0
1589,2025-02-11,Monitor,Informática,4,800.0,Centro-Oeste,Carlos,3200.0
1933,2025-02-11,Tablet,Eletrônicos,1,1200.0,Oeste,Carlos,1200.0
1821,2025-02-12,Monitor,Informática,3,800.0,Sul,Bruno,2400.0
1516,2025-02-12,Monitor,Informática,4,800.0,Centro-Oeste,Eduardo,3200.0
1167,2025-02-13,Headset,Acessórios,1,250.0,Norte,Eduardo,250.0
1657,2025-02-13,Laptop,Informática,1,3500.0,Leste,Carlos,3500.0
1517,2025-02-13,Tablet,Eletrônicos,2,1200.0,Centro-Oeste,Daniela,2400.0
1071,2025-02-13,Mouse,Acessórios,1,80.0,Norte,Carlos,80.0
1161,2025-02-14,Laptop,Informática,4,3500.0,Oeste,Carlos,14000.0
1708,2025-02-15,Mouse,Acessórios,4,80.0,Oeste,Carlos,320.0
1854,2025-02-15,Mouse,Acessórios,4,80.0,Leste,Carlos,320.0
1334,2025-02-15,Tablet,Eletrônicos,4,1200.0,Sul,Carlos,4800.0
1862,2025-02-16,Monitor,Informática,4,800.0,Norte,Bruno,3200.0
1471,2025-02-16,Smartphone,Eletrônicos,1,1500.0,Norte,Ana,1500.0
1422,2025-02-16,Smartphone,Eletrônicos,3,1500.0,Leste,Daniela,4500.0
1991,2025-02-16,Tablet,Eletrônicos,2,1200.0,Centro-Oeste,Carlos,2400.0
1673,2025-02-16,Teclado,Acessórios,1,150.0,Centro-Oeste,Carlos,150.0
1453,2025-02-17,Mouse,Acessórios,4,80.0,Sul,Ana,320.0
1870,2025-02-17,Tablet,Eletrônicos,2,1200.0,Norte,Eduardo,2400.0
1116,2025-02-17,Laptop,Informática,4,3500.0,Oeste,Ana,14000.0
1329,2025-02-18,Tablet,Eletrônicos,3,1200.0,Oeste,Daniela,3600.0
1030,2025-02-18,Mouse,Acessórios,4,80.0,Centro-Oeste,Daniela,320.0
1062,2025-02-19,Smartphone,Eletrônicos,3,1500.0,Norte,Carlos,4500.0
1395,2025-02-20,Tablet,Eletrônicos,3,1200.0,Leste,Eduardo,3600.0
1805,2025-02-20,Teclado,Acessórios,2,150.0,Oeste,Eduardo,300.0
1841,2025-02-20,Tablet,Eletrônicos,4,1200.0,Leste,Eduardo,4800.0
1314,2025-02-20,Headset,Acessórios,4,250.0,Oeste,Bruno,1000.0
1037,2025-02-20,Smartphone,Eletrônicos,1,1500.0,Norte,Daniela,1500.0
1757,2025-02-20,Tablet,Eletrônicos,1,1200.0,Leste,Eduardo,1200.0
1198,2025-02-21,Mouse,Acessórios,4,80.0,Sul,Eduardo,320.0
1143,2025-02-21,Monitor,Informática,3,800.0,Centro-Oeste,Eduardo,2400.0
1576,2025-02-21,Headset,Acessórios,2,250.0,Oeste,Ana,500.0
1749,2025-02-22,Laptop,Informática,4,3500.0,Sul,Ana,14000.0
1413,2025-02-22,Laptop,Informática,4,3500.0,Oeste,Daniela,14000.0
1216,2025-02-22,Laptop,Informática,3,3500.0,Oeste,Daniela,10500.0
1582,2025-02-22,Tablet,Eletrônicos,4,1200.0,Centro-Oeste,Daniela,4800.0
1817,2025-02-22,Mouse,Acessórios,3,80.0,Leste,Ana,240.0
1086,2025-02-22,Headset,Acessórios,4,250.0,Sul,Bruno,1000.0
1055,2025-02-22,Teclado,Acessórios,2,150.0,Leste,Daniela,300.0
1410,2025-02-23,Laptop,Informática,1,3500.0,Norte,Bruno,3500.0
1210,2025-02-23,Teclado,Acessórios,1,150.0,Oeste,Ana,150.0
1774,2025-02-23,Laptop,Informática,3,3500.0,Sul,Daniela,10500.0
1679,2025-02-23,Headset,Acessórios,4,250.0,Leste,Ana,1000.0
1356,2025-02-23,Monitor,Informática,2,800.0,Sul,Eduardo,1600.0
1065,2025-02-23,Smartphone,Eletrônicos,1,1500.0,Sul,Carlos,1500.0
1278,2025-02-23,Teclado,Acessórios,4,150.0,Oeste,Daniela,600.0
1039,2025-02-24,Monitor,Informática,2,800.0,Norte,Bruno,1600.0
1884,2025-02-25,Teclado,Acessórios,3,150.0,Norte,Ana,450.0
1866,2025-02-25,Mouse,Acessórios,4,80.0,Oeste,Carlos,320.0
1585,2025-02-26,Smartphone,Eletrônicos,1,1500.0,Leste,Eduardo,1500.0
1645,2025-02-27,Headset,Acessórios,3,250.0,Centro-Oeste,Carlos,750.0
1357,2025-02-27,Teclado,Acessórios,1,150.0,Norte,Ana,150.0
1403,2025-02-27,Smartphone,Eletrônicos,1,1500.0,Sul,Carlos,1500.0
1656,2025-02-27,Monitor,Informática,3,800.0,Norte,Ana,2400.0
1445,2025-02-27,Teclado,Acessórios,4,150.0,Leste,Eduardo,600.0
1437,2025-02-27,Smartphone,Eletrônicos,3,1500.0,Centro-Oeste,Daniela,4500.0
1031,2025-02-28,Monitor,Informática,2,800.0,Leste,Daniela,1600.0
1414,2025-03-01,Headset,Acessórios,2,250.0,Oeste,Bruno,500.0
1263,2025-03-01,Headset,Acessórios,1,250.0,Norte,Bruno,250.0
1871,2025-03-02,Laptop,Informática,4,3500.0,Oeste,Ana,14000.0
1839,2025-03-02,Tablet,Eletrônicos,1,1200.0,Centro-Oeste,Ana,1200.0
1162,2025-03-03,Teclado,Acessórios,4,150.0,Sul,Ana,600.0
1562,2025-03-03,Mouse,Acessórios,2,80.0,Oeste,Daniela,160.0
1974,2025-03-03,Mouse,Acessórios,2,80.0,Centro-Oeste,Bruno,160.0
1117,2025-03-03,Laptop,Informática,1,3500.0,Centro-Oeste,Eduardo,3500.0
1102,2025-03-04,Tablet,Eletrônicos,2,1200.0,Centro-Oeste,Carlos,2400.0
1398,2025-03-04,Smartphone,Eletrônicos,1,1500.0,Leste,Daniela,1500.0
1732,2025-03-04,Teclado,Acessórios,4,150.0,Norte,Bruno,600.0
1139,2025-03-04,Tablet,Eletrônicos,1,1200.0,Sul,Eduardo,1200.0
1513,2025-03-06,Laptop,Informática,4,3500.0,Centro-Oeste,Ana,14000.0
1095,2025-03-06,Headset,Acessórios,3,250.0,Sul,Ana,750.0
1724,2025-03-06,Laptop,Informática,4,3500.0,Sul,Ana,14000.0
1159,2025-03-07,Tablet,Eletrônicos,2,1200.0,Norte,Daniela,2400.0
1785,2025-03-07,Smartphone,Eletrônicos,2,1500.0,Norte,Daniela,3000.0
1921,2025-03-08,Monitor,Informática,1,800.0,Leste,Ana,800.0
1299,2025-03-09,Teclado,Acessórios,3,150.0,Sul,Carlos,450.0
1920,2025-03-09,Mouse,Acessórios,1,80.0,Norte,Ana,80.0
1470,2025-03-10,Monitor,Informática,2,800.0,Oeste,Eduardo,1600.0
1579,2025-03-10,Headset,Acessórios,1,250.0,Norte,Carlos,250.0
1459,2025-03-10,Tablet,Eletrônicos,1,1200.0,Centro-Oeste,Carlos,1200.0
1814,2025-03-10,Laptop,Informática,4,3500.0,Oeste,Eduardo,14000.0
1628,2025-03-11,Mouse,Acessórios,1,80.0,Sul,Carlos,80.0
1947,2025-03-11,Headset,Acessórios,1,250.0,Centro-Oeste,Bruno,250.0
1765,2025-03-13,Laptop,Informática,4,3500.0,Oeste,Carlos,14000.0
1005,2025-03-13,Laptop,Informática,1,3500.0,Centro-Oeste,Daniela,3500.0
1859,2025-03-14,Monitor,Informática,3,800.0,Centro-Oeste,Daniela,2400.0
1603,2025-03-15,Monitor,Informática,3,800.0,Norte,Daniela,2400.0
1282,2025-03-16,Laptop,Informática,3,3500.0,Oeste,Eduardo,10500.0
1786,2025-03-16,Mouse,Acessórios,3,80.0,Norte,Ana,240.0
1536,2025-03-16,Mouse,Acessórios,3,80.0,Leste,Carlos,240.0
1968,2025-03-16,Tablet,Eletrônicos,1,1200.0,Oeste,Carlos,1200.0
1601,2025-03-17,Headset,Acessórios,2,250.0,Oeste,Carlos,500.0
1463,2025-03-17,Monitor,Informática,4,800.0,Leste,Carlos,3200.0
1571,2025-03-17,Laptop,Informática,4,3500.0,Norte,Carlos,14000.0
1856,2025-03-19,Monitor,Informática,2,800.0,Leste,Carlos,1600.0
1755,2025-03-19,Teclado,Acessórios,4,150.0,Oeste,Daniela,600.0
1888,2025-03-19,Headset,Acessórios,3,250.0,Centro-Oeste,Ana,750.0
1664,2025-03-21,Headset,Acessórios,3,250.0,Norte,Ana,750.0
1061,2025-03-22,Monitor,Informática,1,800.0,Norte,Ana,800.0
1104,2025-03-22,Teclado,Acessórios,3,150.0,Sul,Eduardo,450.0
1806,2025-03-22,Tablet,Eletrônicos,4,1200.0,Norte,Ana,4800.0
1204,2025-03-22,Headset,Acessórios,2,250.0,Oeste,Ana,500.0
1711,2025-03-23,Mouse,Acessórios,1,80.0,Leste,Daniela,80.0
1932,2025-03-24,Teclado,Acessórios,3,150.0,Leste,Carlos,450.0
1752,2025-03-24,Smartphone,Eletrônicos,2,1500.0,Norte,Ana,3000.0
1563,2025-03-25,Laptop,Informática,3,3500.0,Norte,Daniela,10500.0
1754,2025-03-26,Smartphone,Eletrônicos,3,1500.0,Norte,Daniela,4500.0
1466,2025-03-27,Teclado,Acessórios,2,150.0,Norte,Eduardo,300.0
1157,2025-03-27,Laptop,Informática,4,3500.0,Norte,Bruno,14000.0
1912,2025-03-27,Headset,Acessórios,4,250.0,Leste,Carlos,1000.0
1012,2025-03-29,Teclado,Acessórios,2,150.0,Norte,Ana,300.0
1454,2025-03-30,Laptop,Informática,2,3500.0,Sul,Bruno,7000.0
1049,2025-03-30,Mouse,Acessórios,2,80.0,Leste,Bruno,160.0
1692,2025-03-31,Teclado,Acessórios,3,150.0,Norte,Bruno,450.0
1527,2025-03-31,Smartphone,Eletrônicos,2,1500.0,Leste,Carlos,3000.0
1993,2025-03-31,Smartphone,Eletrônicos,2,1500.0,Leste,Ana,3000.0
1530,2025-03-31,Laptop,Informática,1,3500.0,Leste,Daniela,3500.0
1634,2025-04-01,Mouse,Acessórios,3,80.0,Sul,Daniela,240.0
1844,2025-04-02,Laptop,Informática,1,3500.0,Centro-Oeste,Daniela,3500.0
1389,2025-04-02,Mouse,Acessórios,2,80.0,Norte,Ana,160.0
1436,2025-04-02,Tablet,Eletrônicos,3,1200.0,Centro-Oeste,Bruno,3600.0
1057,2025-04-02,Tablet,Eletrônicos,4,1200.0,Centro-Oeste,Eduardo,4800.0
1529,2025-04-03,Smartphone,Eletrônicos,2,1500.0,Leste,Daniela,3000.0
1837,2025-04-03,Monitor,Informática,3,800.0,Norte,Daniela,2400.0
1973,2025-04-04,Mouse,Acessórios,1,80.0,Centro-Oeste,Daniela,80.0
1472,2025-04-04,Tablet,Eletrônicos,4,1200.0,Centro-Oeste,Carlos,4800.0
1954,2025-04-05,Teclado,Acessórios,3,150.0,Sul,Bruno,450.0
1343,2025-04-05,Mouse,Acessórios,4,80.0,Sul,Eduardo,320.0
1828,2025-04-05,Laptop,Informática,4,3500.0,Centro-Oeste,Eduardo,14000.0
1520,2025-04-05,Laptop,Informática,3,3500.0,Oeste,Carlos,10500.0
1764,2025-04-05,Laptop,Informática,2,3500.0,Sul,Bruno,7000.0
1193,2025-04-06,Teclado,Acessórios,1,150.0,Norte,Ana,150.0
1494,2025-04-06,Teclado,Acessórios,3,150.0,Oeste,Carlos,450.0
1547,2025-04-06,Smartphone,Eletrônicos,1,1500.0,Sul,Ana,1500.0
1144,2025-04-06,Monitor,Informática,1,800.0,Leste,Daniela,800.0
1450,2025-04-06,Laptop,Informática,2,3500.0,Oeste,Ana,7000.0
1234,2025-04-07,Monitor,Informática,3,800.0,Oeste,Bruno,2400.0
1321,2025-04-07,Tablet,Eletrônicos,1,1200.0,Leste,Carlos,1200.0
1230,2025-04-08,Tablet,Eletrônicos,2,1200.0,Norte,Bruno,2400.0
1793,2025-04-08,Teclado,Acessórios,4,150.0,Oeste,Eduardo,600.0
1738,2025-04-08,Teclado,Acessórios,4,150.0,Sul,Carlos,600.0
1336,2025-04-09,Mouse,Acessórios,1,80.0,Oeste,Bruno,80.0
1289,2025-04-09,Mouse,Acessórios,2,80.0,Sul,Carlos,160.0
1344,2025-04-09,Headset,Acessórios,2,250.0,Oeste,Carlos,500.0
1257,2025-04-09,Smartphone,Eletrônicos,1,1500.0,Sul,Eduardo,1500.0
1545,2025-04-09,Smartphone,Eletrônicos,3,1500.0,Leste,Ana,4500.0
1272,2025-04-09,Tablet,Eletrônicos,1,1200.0,Norte,Eduardo,1200.0
1120,2025-04-09,Laptop,Informática,3,3500.0,Sul,Eduardo,10500.0
1740,2025-04-09,Tablet,Eletrônicos,1,1200.0,Leste,Carlos,1200.0
1580,2025-04-09,Tablet,Eletrônicos,1,1200.0,Centro-Oeste,Eduardo,1200.0
1478,2025-04-10,Headset,Acessórios,4,250.0,Centro-Oeste,Eduardo,1000.0
1488,2025-04-10,Tablet,Eletrônicos,3,1200.0,Sul,Bruno,3600.0
1013,2025-04-10,Laptop,Informática,3,3500.0,Norte,Ana,10500.0
1569,2025-04-10,Smartphone,Eletrônicos,1,1500.0,Centro-Oeste,Bruno,1500.0
1510,2025-04-11,Headset,Acessórios,2,250.0,Oeste,Ana,500.0
1202,2025-04-11,Headset,Acessórios,4,250.0,Sul,Carlos,1000.0
1934,2025-04-11,Tablet,Eletrônicos,4,1200.0,Centro-Oeste,Eduardo,4800.0
1126,2025-04-11,Headset,Acessórios,2,250.0,Leste,Ana,500.0
1411,2025-04-11,Teclado,Acessórios,2,150.0,Sul,Eduardo,300.0
1417,2025-04-13,Mouse,Acessórios,2,80.0,Leste,Daniela,160.0
1787,2025-04-13,Tablet,Eletrônicos,2,1200.0,Oeste,Carlos,2400.0
1008,2025-04-13,Headset,Acessórios,2,250.0,Norte,Carlos,500.0
1001,2025-04-13,Tablet,Eletrônicos,2,1200.0,Centro-Oeste,Bruno,2400.0
1369,2025-04-14,Tablet,Eletrônicos,3,1200.0,Norte,Eduardo,3600.0
1284,2025-04-14,Mouse,Acessórios,4,80.0,Oeste,Carlos,320.0
1532,2025-04-15,Headset,Acessórios,4,250.0,Leste,Ana,1000.0
1739,2025-04-15,Laptop,Informática,2,3500.0,Centro-Oeste,Daniela,7000.0
1066,2025-04-16,Laptop,Informática,2,3500.0,Leste,Bruno,7000.0
1429,2025-04-16,Laptop,Informática,3,3500.0,Centro-Oeste,Ana,10500.0
1804,2025-04-16,Headset,Acessórios,3,250.0,Norte,Daniela,750.0
1868,2025-04-17,Mouse,Acessórios,1,80.0,Oeste,Daniela,80.0
1004,2025-04-17,Mouse,Acessórios,1,80.0,Sul,Eduardo,80.0
1166,2025-04-18,Smartphone,Eletrônicos,4,1500.0,Norte,Daniela,6000.0
1415,2025-04-18,Teclado,Acessórios,3,150.0,Oeste,Daniela,450.0
1587,2025-04-19,Headset,Acessórios,3,250.0,Sul,Daniela,750.0
1923,2025-04-19,Teclado,Acessórios,4,150.0,Norte,Daniela,600.0
1925,2025-04-21,Headset,Acessórios,1,250.0,Sul,Ana,250.0
1823,2025-04-21,Mouse,Acessórios,3,80.0,Centro-Oeste,Bruno,240.0
1927,2025-04-21,Tablet,Eletrônicos,4,1200.0,Leste,Carlos,4800.0
1897,2025-04-21,Laptop,Informática,3,3500.0,Sul,Ana,10500.0
1929,2025-04-21,Mouse,Acessórios,2,80.0,Leste,Bruno,160.0
1288,2025-04-22,Laptop,Informática,2,3500.0,Oeste,Daniela,7000.0
1779,2025-04-22,Laptop,Informática,3,3500.0,Norte,Ana,10500.0
1948,2025-04-22,Monitor,Informática,2,800.0,Centro-Oeste,Bruno,1600.0
1262,2025-04-22,Monitor,Informática,1,800.0,Oeste,Ana,800.0
1203,2025-04-23,Mouse,Acessórios,2,80.0,Leste,Ana,160.0
1877,2025-04-23,Monitor,Informática,4,800.0,Oeste,Bruno,3200.0
1201,2025-04-23,Smartphone,Eletrônicos,2,1500.0,Sul,Ana,3000.0
1283,2025-04-23,Smartphone,Eletrônicos,2,1500.0,Centro-Oeste,Bruno,3000.0
1206,2025-04-23,Headset,Acessórios,3,250.0,Leste,Carlos,750.0
1989,2025-04-23,Teclado,Acessórios,1,150.0,Centro-Oeste,Daniela,150.0
1196,2025-04-23,Mouse,Acessórios,4,80.0,Leste,Eduardo,320.0
1535,2025-04-24,Monitor,Informática,2,800.0,Centro-Oeste,Daniela,1600.0
1362,2025-04-24,Headset,Acessórios,2,250.0,Centro-Oeste,Carlos,500.0
1531,2025-04-25,Smartphone,Eletrônicos,1,1500.0,Leste,Bruno,1500.0
1346,2025-04-26,Laptop,Informática,1,3500.0,Leste,Eduardo,3500.0
1281,2025-04-26,Tablet,Eletrônicos,3,1200.0,Norte,Carlos,3600.0
1178,2025-04-26,Smartphone,Eletrônicos,2,1500.0,Centro-Oeste,Daniela,3000.0
1654,2025-04-27,Mouse,Acessórios,2,80.0,Centro-Oeste,Ana,160.0
1440,2025-04-27,Tablet,Eletrônicos,4,1200.0,Sul,Ana,4800.0
1770,2025-04-28,Monitor,Informática,2,800.0,Oeste,Bruno,1600.0
1983,2025-04-28,Smartphone,Eletrônicos,3,1500.0,Oeste,Bruno,4500.0
1972,2025-04-28,Smartphone,Eletrônicos,1,1500.0,Centro-Oeste,Daniela,1500.0
1452,2025-04-28,Monitor,Informática,3,800.0,Oeste,Eduardo,2400.0
1906,2025-04-29,Headset,Acessórios,1,250.0,Oeste,Ana,250.0
1722,2025-04-29,Laptop,Informática,1,3500.0,Norte,Daniela,3500.0
1279,2025-04-30,Teclado,Acessórios,4,150.0,Norte,Ana,600.0
1433,2025-04-30,Laptop,Informática,1,3500.0,Oeste,Daniela,3500.0
1177,2025-05-01,Laptop,Informática,4,3500.0,Oeste,Ana,14000.0
1863,2025-05-01,Mouse,Acessórios,4,80.0,Centro-Oeste,Ana,320.0
1592,2025-05-02,Laptop,Informática,3,3500.0,Centro-Oeste,Ana,10500.0
1446,2025-05-02,Headset,Acessórios,1,250.0,Centro-Oeste,Eduardo,250.0
1689,2025-05-02,Monitor,Informática,4,800.0,Centro-Oeste,Daniela,3200.0
1009,2025-05-02,Laptop,Informática,1,3500.0,Norte,Eduardo,3500.0
1840,2025-05-02,Mouse,Acessórios,2,80.0,Centro-Oeste,Ana,160.0
1612,2025-05-02,Monitor,Informática,3,800.0,Oeste,Ana,2400.0
1225,2025-05-03,Laptop,Informática,1,3500.0,Leste,Carlos,3500.0
1236,2025-05-04,Tablet,Eletrônicos,4,1200.0,Norte,Bruno,4800.0
1428,2025-05-04,Mouse,Acessórios,2,80.0,Leste,Eduardo,160.0
1400,2025-05-05,Teclado,Acessórios,4,150.0,Leste,Carlos,600.0
1644,2025-05-06,Headset,Acessórios,1,250.0,Norte,Daniela,250.0
1913,2025-05-06,Mouse,Acessórios,4,80.0,Sul,Bruno,320.0
1451,2025-05-06,Teclado,Acessórios,3,150.0,Norte,Daniela,450.0
1214,2025-05-06,Smartphone,Eletrônicos,4,1500.0,Leste,Daniela,6000.0
1639,2025-05-06,Headset,Acessórios,2,250.0,Leste,Eduardo,500.0
1819,2025-05-06,Headset,Acessórios,3,250.0,Sul,Eduardo,750.0
1366,2025-05-07,Laptop,Informática,1,3500.0,Sul,Bruno,3500.0
1443,2025-05-07,Teclado,Acessórios,1,150.0,Sul,Daniela,150.0
1883,2025-05-07,Headset,Acessórios,3,250.0,Sul,Eduardo,750.0
1352,2025-05-08,Teclado,Acessórios,1,150.0,Norte,Bruno,150.0
1249,2025-05-08,Laptop,Informática,4,3500.0,Norte,Daniela,14000.0
1305,2025-05-08,Tablet,Eletrônicos,1,1200.0,Sul,Eduardo,1200.0
1171,2025-05-08,Monitor,Informática,2,800.0,Oeste,Bruno,1600.0
1253,2025-05-09,Smartphone,Eletrônicos,4,1500.0,Centro-Oeste,Bruno,6000.0
1100,2025-05-09,Mouse,Acessórios,3,80.0,Leste,Daniela,240.0
1444,2025-05-09,Smartphone,Eletrônicos,1,1500.0,Leste,Eduardo,1500.0
1208,2025-05-10,Headset,Acessórios,1,250.0,Leste,Carlos,250.0
1215,2025-05-10,Teclado,Acessórios,1,150.0,Centro-Oeste,Eduardo,150.0
1276,2025-05-11,Teclado,Acessórios,1,150.0,Oeste,Eduardo,150.0
1016,2025-05-11,Headset,Acessórios,1,250.0,Centro-Oeste,Eduardo,250.0
1042,2025-05-11,Smartphone,Eletrônicos,4,1500.0,Leste,Ana,6000.0
1127,2025-05-11,Monitor,Informática,3,800.0,Oeste,Daniela,2400.0
1626,2025-05-12,Tablet,Eletrônicos,2,1200.0,Leste,Daniela,2400.0
1807,2025-05-13,Teclado,Acessórios,2,150.0,Centro-Oeste,Daniela,300.0
1745,2025-05-13,Teclado,Acessórios,1,150.0,Leste,Carlos,150.0
1593,2025-05-13,Tablet,Eletrônicos,4,1200.0,Leste,Carlos,4800.0
1850,2025-05-13,Headset,Acessórios,1,250.0,Centro-Oeste,Daniela,250.0
1981,2025-05-13,Smartphone,Eletrônicos,1,1500.0,Norte,Eduardo,1500.0
1655,2025-05-14,Laptop,Informática,4,3500.0,Norte,Ana,14000.0
1971,2025-05-14,Headset,Acessórios,1,250.0,Norte,Ana,250.0
1163,2025-05-14,Mouse,Acessórios,2,80.0,Sul,Carlos,160.0
1111,2025-05-15,Headset,Acessórios,3,250.0,Centro-Oeste,Bruno,750.0
1303,2025-05-15,Laptop,Informática,3,3500.0,Centro-Oeste,Daniela,10500.0
1044,2025-05-15,Monitor,Informática,2,800.0,Centro-Oeste,Ana,1600.0
1618,2025-05-16,Laptop,Informática,3,3500.0,Centro-Oeste,Eduardo,10500.0
1693,2025-05-16,Headset,Acessórios,2,250.0,Centro-Oeste,Ana,500.0
1101,2025-05-16,Headset,Acessórios,2,250.0,Norte,Carlos,500.0
1957,2025-05-17,Tablet,Eletrônicos,2,1200.0,Sul,Carlos,2400.0
1183,2025-05-17,Mouse,Acessórios,2,80.0,Sul,Bruno,160.0
1809,2025-05-18,Smartphone,Eletrônicos,2,1500.0,Centro-Oeste,Daniela,3000.0
1103,2025-05-19,Monitor,Informática,4,800.0,Leste,Daniela,3200.0
1998,2025-05-19,Mouse,Acessórios,4,80.0,Sul,Carlos,320.0
1267,2025-05-20,Smartphone,Eletrônicos,4,1500.0,Oeste,Bruno,6000.0
1990,2025-05-20,Laptop,Informática,2,3500.0,Sul,Eduardo,7000.0
1641,2025-05-21,Laptop,Informática,1,3500.0,Oeste,Carlos,3500.0
1608,2025-05-21,Laptop,Informática,3,3500.0,Oeste,Ana,10500.0
1994,2025-05-22,Teclado,Acessórios,4,150.0,Leste,Daniela,600.0
1387,2025-05-22,Smartphone,Eletrônicos,1,1500.0,Leste,Carlos,1500.0
1388,2025-05-23,Laptop,Informática,2,3500.0,Oeste,Ana,7000.0
1677,2025-05-23,Monitor,Informática,4,800.0,Centro-Oeste,Eduardo,3200.0
1148,2025-05-23,Teclado,Acessórios,2,150.0,Sul,Ana,300.0
1681,2025-05-24,Mouse,Acessórios,4,80.0,Centro-Oeste,Eduardo,320.0
1426,2025-05-24,Teclado,Acessórios,4,150.0,Centro-Oeste,Bruno,600.0
1578,2025-05-24,Monitor,Informática,2,800.0,Sul,Eduardo,1600.0
1584,2025-05-24,Headset,Acessórios,4,250.0,Oeste,Ana,1000.0
1260,2025-05-24,Mouse,Acessórios,3,80.0,Centro-Oeste,Ana,240.0
1465,2025-05-24,Laptop,Informática,2,3500.0,Oeste,Ana,7000.0
1233,2025-05-24,Tablet,Eletrônicos,1,1200.0,Leste,Ana,1200.0
1432,2025-05-25,Teclado,Acessórios,3,150.0,Norte,Eduardo,450.0
1703,2025-05-25,Laptop,Informática,3,3500.0,Sul,Daniela,10500.0
1753,2025-05-25,Headset,Acessórios,4,250.0,Norte,Ana,1000.0
1916,2025-05-25,Tablet,Eletrônicos,4,1200.0,Oeste,Daniela,4800.0
1622,2025-05-25,Teclado,Acessórios,4,150.0,Oeste,Ana,600.0
1599,2025-05-26,Monitor,Informática,3,800.0,Centro-Oeste,Eduardo,2400.0
1924,2025-05-26,Teclado,Acessórios,4,150.0,Leste,Carlos,600.0
1725,2025-05-26,Laptop,Informática,4,3500.0,Leste,Eduardo,14000.0
1431,2025-05-27,Headset,Acessórios,1,250.0,Leste,Carlos,250.0
1273,2025-05-27,Tablet,Eletrônicos,4,1200.0,Norte,Carlos,4800.0
1493,2025-05-27,Tablet,Eletrônicos,3,1200.0,Centro-Oeste,Ana,3600.0
1244,2025-05-27,Smartphone,Eletrônicos,3,1500.0,Leste,Daniela,4500.0
1671,2025-05-27,Tablet,Eletrônicos,3,1200.0,Norte,Carlos,3600.0
1325,2025-05-27,Smartphone,Eletrônicos,4,1500.0,Leste,Daniela,6000.0
1245,2025-05-28,Teclado,Acessórios,2,150.0,Centro-Oeste,Carlos,300.0
1241,2025-05-28,Mouse,Acessórios,3,80.0,Centro-Oeste,Eduardo,240.0
1646,2025-05-28,Monitor,Informática,3,800.0,Centro-Oeste,Daniela,2400.0
1663,2025-05-29,Mouse,Acessórios,4,80.0,Centro-Oeste,Daniela,320.0
1401,2025-05-30,Smartphone,Eletrônicos,1,1500.0,Leste,Carlos,1500.0
1944,2025-05-30,Smartphone,Eletrônicos,2,1500.0,Leste,Ana,3000.0
1017,2025-05-30,Teclado,Acessórios,4,150.0,Norte,Carlos,600.0
1255,2025-05-31,Smartphone,Eletrônicos,1,1500.0,Sul,Ana,1500.0
1365,2025-05-31,Tablet,Eletrônicos,2,1200.0,Leste,Carlos,2400.0
1549,2025-05-31,Headset,Acessórios,1,250.0,Norte,Eduardo,250.0
1825,2025-05-31,Teclado,Acessórios,2,150.0,Sul,Ana,300.0
1583,2025-05-31,Laptop,Informática,4,3500.0,Norte,Ana,14000.0
1548,2025-06-01,Monitor,Informática,2,800.0,Leste,Carlos,1600.0
1190,2025-06-01,Headset,Acessórios,4,250.0,Norte,Ana,1000.0
1505,2025-06-01,Smartphone,Eletrônicos,4,1500.0,Norte,Carlos,6000.0
1015,2025-06-01,Smartphone,Eletrônicos,1,1500.0,Oeste,Eduardo,1500.0
1955,2025-06-01,Teclado,Acessórios,1,150.0,Centro-Oeste,Eduardo,150.0
1277,2025-06-01,Smartphone,Eletrônicos,4,1500.0,Oeste,Carlos,6000.0
1290,2025-06-02,Monitor,Informática,2,800.0,Sul,Daniela,1600.0
1396,2025-06-02,Smartphone,Eletrônicos,1,1500.0,Sul,Ana,1500.0
1767,2025-06-03,Teclado,Acessórios,3,150.0,Sul,Daniela,450.0
1891,2025-06-03,Tablet,Eletrônicos,1,1200.0,Norte,Eduardo,1200.0
1464,2025-06-03,Tablet,Eletrônicos,4,1200.0,Oeste,Daniela,4800.0
1367,2025-06-04,Headset,Acessórios,2,250.0,Leste,Ana,500.0
1836,2025-06-04,Laptop,Informática,4,3500.0,Oeste,Ana,14000.0
1687,2025-06-05,Headset,Acessórios,3,250.0,Centro-Oeste,Ana,750.0
1092,2025-06-06,Tablet,Eletrônicos,2,1200.0,Oeste,Ana,2400.0
1310,2025-06-07,Headset,Acessórios,2,250.0,Oeste,Carlos,500.0
1430,2025-06-07,Monitor,Informática,1,800.0,Oeste,Carlos,800.0
1333,2025-06-07,Laptop,Informática,3,3500.0,Norte,Bruno,10500.0
1659,2025-06-09,Teclado,Acessórios,4,150.0,Oeste,Carlos,600.0
1192,2025-06-09,Mouse,Acessórios,3,80.0,Oeste,Daniela,240.0
1269,2025-06-09,Mouse,Acessórios,3,80.0,Oeste,Eduardo,240.0
1838,2025-06-09,Teclado,Acessórios,2,150.0,Norte,Carlos,300.0
1503,2025-06-09,Smartphone,Eletrônicos,3,1500.0,Leste,Ana,4500.0
1153,2025-06-09,Mouse,Acessórios,4,80.0,Centro-Oeste,Eduardo,320.0
1219,2025-06-09,Headset,Acessórios,3,250.0,Sul,Daniela,750.0
1349,2025-06-10,Headset,Acessórios,1,250.0,Norte,Daniela,250.0
1298,2025-06-10,Smartphone,Eletrônicos,3,1500.0,Oeste,Bruno,4500.0
1280,2025-06-10,Mouse,Acessórios,4,80.0,Oeste,Ana,320.0
1024,2025-06-10,Headset,Acessórios,2,250.0,Leste,Bruno,500.0
1769,2025-06-11,Teclado,Acessórios,1,150.0,Leste,Daniela,150.0
1072,2025-06-11,Smartphone,Eletrônicos,2,1500.0,Norte,Eduardo,3000.0
1295,2025-06-12,Tablet,Eletrônicos,2,1200.0,Centro-Oeste,Carlos,2400.0
1594,2025-06-12,Teclado,Acessórios,4,150.0,Oeste,Eduardo,600.0
1507,2025-06-12,Tablet,Eletrônicos,1,1200.0,Oeste,Bruno,1200.0
1105,2025-06-12,Mouse,Acessórios,4,80.0,Norte,Bruno,320.0
1540,2025-06-13,Smartphone,Eletrônicos,2,1500.0,Norte,Eduardo,3000.0
1691,2025-06-13,Monitor,Informática,2,800.0,Centro-Oeste,Eduardo,1600.0
1669,2025-06-13,Monitor,Informática,2,800.0,Centro-Oeste,Eduardo,1600.0
1750,2025-06-14,Monitor,Informática,2,800.0,Centro-Oeste,Eduardo,1600.0
1616,2025-06-14,Tablet,Eletrônicos,4,1200.0,Oeste,Daniela,4800.0
1185,2025-06-14,Teclado,Acessórios,1,150.0,Centro-Oeste,Ana,150.0
1800,2025-06-15,Headset,Acessórios,2,250.0,Centro-Oeste,Eduardo,500.0
1047,2025-06-16,Smartphone,Eletrônicos,2,1500.0,Sul,Bruno,3000.0
1633,2025-06-16,Teclado,Acessórios,4,150.0,Norte,Bruno,600.0
1609,2025-06-17,Smartphone,Eletrônicos,4,1500.0,Norte,Bruno,6000.0
1514,2025-06-17,Teclado,Acessórios,4,150.0,Leste,Eduardo,600.0
1297,2025-06-18,Monitor,Informática,1,800.0,Leste,Ana,800.0
1407,2025-06-19,Mouse,Acessórios,3,80.0,Oeste,Carlos,240.0
1160,2025-06-19,Monitor,Informática,4,800.0,Oeste,Bruno,3200.0
1845,2025-06-19,Smartphone,Eletrônicos,4,1500.0,Oeste,Eduardo,6000.0
1032,2025-06-19,Monitor,Informática,4,800.0,Centro-Oeste,Eduardo,3200.0
1374,2025-06-19,Teclado,Acessórios,4,150.0,Oeste,Carlos,600.0
1610,2025-06-19,Teclado,Acessórios,2,150.0,Leste,Eduardo,300.0
1149,2025-06-20,Monitor,Informática,1,800.0,Sul,Ana,800.0
1189,2025-06-21,Tablet,Eletrônicos,2,1200.0,Oeste,Ana,2400.0
1217,2025-06-21,Smartphone,Eletrônicos,2,1500.0,Norte,Daniela,3000.0
1121,2025-06-21,Smartphone,Eletrônicos,4,1500.0,Centro-Oeste,Daniela,6000.0
1331,2025-06-21,Monitor,Informática,2,800.0,Centro-Oeste,Daniela,1600.0
1658,2025-06-22,Mouse,Acessórios,2,80.0,Oeste,Daniela,160.0
1383,2025-06-22,Monitor,Informática,2,800.0,Sul,Daniela,1600.0
1758,2025-06-22,Laptop,Informática,4,3500.0,Sul,Ana,14000.0
1640,2025-06-22,Smartphone,Eletrônicos,2,1500.0,Leste,Daniela,3000.0
1979,2025-06-22,Monitor,Informática,1,800.0,Leste,Bruno,800.0
1660,2025-06-22,Smartphone,Eletrônicos,4,1500.0,Norte,Daniela,6000.0
1607,2025-06-23,Teclado,Acessórios,1,150.0,Oeste,Ana,150.0
1360,2025-06-23,Laptop,Informática,2,3500.0,Sul,Daniela,7000.0
1036,2025-06-24,Tablet,Eletrônicos,1,1200.0,Centro-Oeste,Bruno,1200.0
1307,2025-06-25,Laptop,Informática,3,3500.0,Leste,Eduardo,10500.0
1372,2025-06-25,Monitor,Informática,4,800.0,Sul,Daniela,3200.0
1728,2025-06-26,Tablet,Eletrônicos,4,1200.0,Sul,Carlos,4800.0
1737,2025-06-26,Mouse,Acessórios,3,80.0,Centro-Oeste,Bruno,240.0
1544,2025-06-26,Mouse,Acessórios,3,80.0,Leste,Carlos,240.0
1568,2025-06-26,Headset,Acessórios,2,250.0,Leste,Carlos,500.0
1506,2025-06-27,Teclado,Acessórios,1,150.0,Oeste,Ana,150.0
1696,2025-06-27,Tablet,Eletrônicos,3,1200.0,Sul,Carlos,3600.0
1138,2025-06-28,Laptop,Informática,3,3500.0,Centro-Oeste,Daniela,10500.0
1509,2025-06-28,Smartphone,Eletrônicos,3,1500.0,Leste,Ana,4500.0
1880,2025-06-29,Monitor,Informática,2,800.0,Norte,Bruno,1600.0
1490,2025-06-29,Tablet,Eletrônicos,1,1200.0,Leste,Ana,1200.0
1936,2025-06-29,Laptop,Informática,2,3500.0,Norte,Bruno,7000.0
1195,2025-06-29,Laptop,Informática,2,3500.0,Centro-Oeste,Carlos,7000.0
1406,2025-06-29,Tablet,Eletrônicos,1,1200.0,Norte,Carlos,1200.0
1342,2025-06-30,Teclado,Acessórios,3,150.0,Centro-Oeste,Ana,450.0
1588,2025-06-30,Tablet,Eletrônicos,1,1200.0,Centro-Oeste,Eduardo,1200.0
1632,2025-07-01,Smartphone,Eletrônicos,2,1500.0,Norte,Carlos,3000.0
1554,2025-07-02,Laptop,Informática,4,3500.0,Leste,Carlos,14000.0
1826,2025-07-02,Monitor,Informática,4,800.0,Centro-Oeste,Ana,3200.0
1831,2025-07-03,Tablet,Eletrônicos,2,1200.0,Oeste,Eduardo,2400.0
1224,2025-07-03,Mouse,Acessórios,2,80.0,Leste,Bruno,160.0
1810,2025-07-03,Tablet,Eletrônicos,2,1200.0,Leste,Carlos,2400.0
1467,2025-07-04,Teclado,Acessórios,4,150.0,Leste,Eduardo,600.0
1694,2025-07-05,Mouse,Acessórios,2,80.0,Sul,Bruno,160.0
1397,2025-07-05,Mouse,Acessórios,1,80.0,Leste,Eduardo,80.0
1590,2025-07-05,Monitor,Informática,2,800.0,Centro-Oeste,Ana,1600.0
1155,2025-07-06,Headset,Acessórios,1,250.0,Leste,Eduardo,250.0
1566,2025-07-06,Headset,Acessórios,3,250.0,Oeste,Ana,750.0
1205,2025-07-06,Tablet,Eletrônicos,2,1200.0,Oeste,Eduardo,2400.0
1237,2025-07-06,Mouse,Acessórios,4,80.0,Sul,Carlos,320.0
1893,2025-07-06,Headset,Acessórios,2,250.0,Oeste,Ana,500.0
1345,2025-07-07,Headset,Acessórios,1,250.0,Sul,Daniela,250.0
1090,2025-07-07,Tablet,Eletrônicos,2,1200.0,Norte,Eduardo,2400.0
1033,2025-07-07,Laptop,Informática,1,3500.0,Oeste,Daniela,3500.0
1457,2025-07-08,Monitor,Informática,2,800.0,Centro-Oeste,Daniela,1600.0
1006,2025-07-08,Laptop,Informática,1,3500.0,Sul,Bruno,3500.0
1550,2025-07-09,Tablet,Eletrônicos,2,1200.0,Oeste,Ana,2400.0
1080,2025-07-09,Headset,Acessórios,2,250.0,Sul,Bruno,500.0
1399,2025-07-09,Laptop,Informática,1,3500.0,Centro-Oeste,Eduardo,3500.0
1651,2025-07-09,Tablet,Eletrônicos,4,1200.0,Oeste,Carlos,4800.0
1174,2025-07-09,Teclado,Acessórios,2,150.0,Leste,Ana,300.0
1035,2025-07-09,Teclado,Acessórios,1,150.0,Centro-Oeste,Carlos,150.0
1069,2025-07-10,Tablet,Eletrônicos,3,1200.0,Oeste,Daniela,3600.0
1347,2025-07-10,Headset,Acessórios,3,250.0,Norte,Eduardo,750.0
1652,2025-07-10,Teclado,Acessórios,2,150.0,Norte,Carlos,300.0
1905,2025-07-11,Headset,Acessórios,1,250.0,Norte,Carlos,250.0
1022,2025-07-11,Headset,Acessórios,4,250.0,Centro-Oeste,Ana,1000.0
1542,2025-07-11,Teclado,Acessórios,1,150.0,Sul,Carlos,150.0
1458,2025-07-11,Mouse,Acessórios,2,80.0,Oeste,Carlos,160.0
1702,2025-07-11,Smartphone,Eletrônicos,2,1500.0,Oeste,Ana,3000.0
1328,2025-07-11,Tablet,Eletrônicos,2,1200.0,Centro-Oeste,Bruno,2400.0
1788,2025-07-11,Monitor,Informática,3,800.0,Leste,Bruno,2400.0
1293,2025-07-13,Mouse,Acessórios,1,80.0,Oeste,Ana,80.0
1975,2025-07-13,Headset,Acessórios,1,250.0,Oeste,Eduardo,250.0
1613,2025-07-13,Mouse,Acessórios,1,80.0,Centro-Oeste,Bruno,80.0
1833,2025-07-14,Smartphone,Eletrônicos,1,1500.0,Leste,Ana,1500.0
1835,2025-07-14,Headset,Acessórios,1,250.0,Sul,Bruno,250.0
1304,2025-07-14,Laptop,Informática,1,3500.0,Oeste,Carlos,3500.0
1418,2025-07-15,Laptop,Informática,2,3500.0,Centro-Oeste,Eduardo,7000.0
1533,2025-07-15,Smartphone,Eletrônicos,2,1500.0,Sul,Carlos,3000.0
1743,2025-07-16,Tablet,Eletrônicos,4,1200.0,Norte,Bruno,4800.0
1713,2025-07-16,Headset,Acessórios,1,250.0,Oeste,Carlos,250.0
1231,2025-07-17,Smartphone,Eletrônicos,3,1500.0,Oeste,Daniela,4500.0
1220,2025-07-17,Monitor,Informática,1,800.0,Oeste,Bruno,800.0
1946,2025-07-17,Laptop,Informática,1,3500.0,Centro-Oeste,Eduardo,3500.0
1182,2025-07-17,Smartphone,Eletrônicos,3,1500.0,Leste,Eduardo,4500.0
1247,2025-07-18,Tablet,Eletrônicos,2,1200.0,Norte,Ana,2400.0
1112,2025-07-20,Smartphone,Eletrônicos,3,1500.0,Oeste,Carlos,4500.0
1704,2025-07-20,Smartphone,Eletrônicos,2,1500.0,Sul,Daniela,3000.0
1235,2025-07-20,Tablet,Eletrônicos,1,1200.0,Leste,Ana,1200.0
1073,2025-07-21,Headset,Acessórios,4,250.0,Sul,Carlos,1000.0
1751,2025-07-21,Laptop,Informática,2,3500.0,Centro-Oeste,Carlos,7000.0
1635,2025-07-21,Teclado,Acessórios,3,150.0,Norte,Bruno,450.0
1908,2025-07-21,Teclado,Acessórios,2,150.0,Sul,Eduardo,300.0
1223,2025-07-22,Tablet,Eletrônicos,3,1200.0,Oeste,Daniela,3600.0
1977,2025-07-22,Mouse,Acessórios,4,80.0,Norte,Daniela,320.0
1666,2025-07-22,Headset,Acessórios,4,250.0,Leste,Bruno,1000.0
1474,2025-07-23,Tablet,Eletrônicos,2,1200.0,Leste,Ana,2400.0
1759,2025-07-24,Monitor,Informática,4,800.0,Oeste,Bruno,3200.0
1818,2025-07-24,Headset,Acessórios,1,250.0,Leste,Eduardo,250.0
1574,2025-07-25,Teclado,Acessórios,1,150.0,Oeste,Daniela,150.0
1060,2025-07-25,Mouse,Acessórios,3,80.0,Oeste,Ana,240.0
1881,2025-07-26,Teclado,Acessórios,2,150.0,Leste,Bruno,300.0
1782,2025-07-26,Tablet,Eletrônicos,3,1200.0,Centro-Oeste,Eduardo,3600.0
1134,2025-07-26,Headset,Acessórios,3,250.0,Leste,Bruno,750.0
1296,2025-07-27,Headset,Acessórios,1,250.0,Oeste,Eduardo,250.0
1083,2025-07-27,Mouse,Acessórios,3,80.0,Oeste,Daniela,240.0
1275,2025-07-27,Mouse,Acessórios,1,80.0,Norte,Daniela,80.0
1705,2025-07-31,Smartphone,Eletrônicos,4,1500.0,Sul,Eduardo,6000.0
1918,2025-07-31,Tablet,Eletrônicos,3,1200.0,Oeste,Ana,3600.0
1986,2025-07-31,Mouse,Acessórios,4,80.0,Leste,Carlos,320.0
1665,2025-08-01,Smartphone,Eletrônicos,1,1500.0,Sul,Carlos,1500.0
1082,2025-08-01,Laptop,Informática,3,3500.0,Centro-Oeste,Ana,10500.0
1123,2025-08-02,Mouse,Acessórios,4,80.0,Oeste,Ana,320.0
1885,2025-08-02,Tablet,Eletrônicos,3,1200.0,Sul,Bruno,3600.0
1864,2025-08-02,Smartphone,Eletrônicos,4,1500.0,Oeste,Bruno,6000.0
1525,2025-08-03,Tablet,Eletrônicos,2,1200.0,Centro-Oeste,Ana,2400.0
1078,2025-08-03,Smartphone,Eletrônicos,2,1500.0,Oeste,Ana,3000.0
1010,2025-08-03,Monitor,Informática,4,800.0,Norte,Eduardo,3200.0
1393,2025-08-03,Smartphone,Eletrônicos,4,1500.0,Oeste,Ana,6000.0
1595,2025-08-03,Tablet,Eletrônicos,3,1200.0,Norte,Carlos,3600.0
1889,2025-08-04,Headset,Acessórios,2,250.0,Oeste,Eduardo,500.0
1118,2025-08-04,Teclado,Acessórios,3,150.0,Centro-Oeste,Bruno,450.0
1624,2025-08-05,Laptop,Informática,2,3500.0,Oeste,Carlos,7000.0
1733,2025-08-05,Headset,Acessórios,2,250.0,Oeste,Ana,500.0
1088,2025-08-05,Mouse,Acessórios,4,80.0,Sul,Eduardo,320.0
1557,2025-08-05,Headset,Acessórios,2,250.0,Oeste,Carlos,500.0
1564,2025-08-05,Headset,Acessórios,3,250.0,Norte,Bruno,750.0
1537,2025-08-05,Tablet,Eletrônicos,3,1200.0,Leste,Bruno,3600.0
1475,2025-08-06,Mouse,Acessórios,4,80.0,Oeste,Carlos,320.0
1218,2025-08-06,Tablet,Eletrônicos,4,1200.0,Norte,Bruno,4800.0
1130,2025-08-06,Headset,Acessórios,4,250.0,Centro-Oeste,Eduardo,1000.0
1070,2025-08-06,Teclado,Acessórios,4,150.0,Norte,Bruno,600.0
1857,2025-08-06,Monitor,Informática,4,800.0,Sul,Bruno,3200.0
1643,2025-08-08,Smartphone,Eletrônicos,1,1500.0,Norte,Daniela,1500.0
1698,2025-08-08,Mouse,Acessórios,2,80.0,Norte,Carlos,160.0
1332,2025-08-08,Headset,Acessórios,4,250.0,Norte,Daniela,1000.0
1209,2025-08-08,Smartphone,Eletrônicos,2,1500.0,Centro-Oeste,Eduardo,3000.0
1967,2025-08-08,Laptop,Informática,1,3500.0,Norte,Carlos,3500.0
1706,2025-08-08,Laptop,Informática,4,3500.0,Oeste,Carlos,14000.0
1469,2025-08-08,Tablet,Eletrônicos,1,1200.0,Oeste,Bruno,1200.0
1596,2025-08-09,Laptop,Informática,2,3500.0,Centro-Oeste,Bruno,7000.0
1776,2025-08-10,Mouse,Acessórios,1,80.0,Norte,Bruno,80.0
1481,2025-08-10,Teclado,Acessórios,3,150.0,Norte,Bruno,450.0
1145,2025-08-10,Laptop,Informática,3,3500.0,Norte,Carlos,10500.0
1575,2025-08-11,Laptop,Informática,3,3500.0,Leste,Ana,10500.0
1355,2025-08-11,Tablet,Eletrônicos,3,1200.0,Centro-Oeste,Ana,3600.0
1964,2025-08-11,Monitor,Informática,3,800.0,Sul,Carlos,2400.0
1591,2025-08-11,Teclado,Acessórios,4,150.0,Oeste,Bruno,600.0
1491,2025-08-11,Smartphone,Eletrônicos,1,1500.0,Norte,Daniela,1500.0
1726,2025-08-12,Mouse,Acessórios,1,80.0,Leste,Carlos,80.0
1212,2025-08-12,Laptop,Informática,2,3500.0,Centro-Oeste,Bruno,7000.0
1551,2025-08-12,Laptop,Informática,4,3500.0,Oeste,Eduardo,14000.0
1684,2025-08-12,Teclado,Acessórios,2,150.0,Oeste,Ana,300.0
1987,2025-08-13,Mouse,Acessórios,4,80.0,Oeste,Eduardo,320.0
1186,2025-08-13,Mouse,Acessórios,4,80.0,Centro-Oeste,Bruno,320.0
1175,2025-08-13,Teclado,Acessórios,3,150.0,Centro-Oeste,Daniela,450.0
1213,2025-08-13,Monitor,Informática,2,800.0,Oeste,Bruno,1600.0
1939,2025-08-14,Headset,Acessórios,3,250.0,Norte,Daniela,750.0
1790,2025-08-14,Tablet,Eletrônicos,3,1200.0,Sul,Ana,3600.0
1318,2025-08-14,Headset,Acessórios,2,250.0,Centro-Oeste,Ana,500.0
1903,2025-08-15,Smartphone,Eletrônicos,1,1500.0,Oeste,Ana,1500.0
1670,2025-08-15,Monitor,Informática,1,800.0,Norte,Carlos,800.0
1125,2025-08-15,Headset,Acessórios,2,250.0,Sul,Carlos,500.0
1287,2025-08-15,Laptop,Informática,4,3500.0,Leste,Ana,14000.0
1543,2025-08-15,Mouse,Acessórios,3,80.0,Norte,Eduardo,240.0
1701,2025-08-16,Laptop,Informática,3,3500.0,Norte,Eduardo,10500.0
1926,2025-08-16,Teclado,Acessórios,4,150.0,Norte,Eduardo,600.0
1962,2025-08-17,Tablet,Eletrônicos,2,1200.0,Leste,Daniela,2400.0
1439,2025-08-17,Mouse,Acessórios,3,80.0,Centro-Oeste,Bruno,240.0
1942,2025-08-17,Tablet,Eletrônicos,4,1200.0,Norte,Daniela,4800.0
1668,2025-08-17,Smartphone,Eletrônicos,3,1500.0,Norte,Bruno,4500.0
1783,2025-08-17,Teclado,Acessórios,2,150.0,Oeste,Carlos,300.0
1312,2025-08-18,Monitor,Informática,1,800.0,Sul,Eduardo,800.0
1605,2025-08-18,Mouse,Acessórios,1,80.0,Norte,Bruno,80.0
1173,2025-08-19,Monitor,Informática,4,800.0,Leste,Bruno,3200.0
1141,2025-08-19,Tablet,Eletrônicos,2,1200.0,Norte,Ana,2400.0
1108,2025-08-19,Teclado,Acessórios,1,150.0,Sul,Daniela,150.0
1146,2025-08-19,Tablet,Eletrônicos,4,1200.0,Oeste,Carlos,4800.0
1911,2025-08-19,Laptop,Informática,3,3500.0,Leste,Eduardo,10500.0
1337,2025-08-21,Tablet,Eletrônicos,4,1200.0,Sul,Daniela,4800.0
1271,2025-08-21,Tablet,Eletrônicos,3,1200.0,Leste,Bruno,3600.0
1674,2025-08-21,Teclado,Acessórios,1,150.0,Leste,Daniela,150.0
1851,2025-08-21,Mouse,Acessórios,1,80.0,Sul,Bruno,80.0
1179,2025-08-21,Monitor,Informática,3,800.0,Oeste,Bruno,2400.0
1570,2025-08-21,Tablet,Eletrônicos,2,1200.0,Leste,Carlos,2400.0
1194,2025-08-21,Teclado,Acessórios,3,150.0,Oeste,Daniela,450.0
1922,2025-08-21,Monitor,Informática,3,800.0,Leste,Carlos,2400.0
1188,2025-08-22,Mouse,Acessórios,1,80.0,Oeste,Eduardo,80.0
1597,2025-08-23,Headset,Acessórios,1,250.0,Centro-Oeste,Daniela,250.0
1820,2025-08-23,Laptop,Informática,2,3500.0,Leste,Daniela,7000.0
1931,2025-08-24,Smartphone,Eletrônicos,2,1500.0,Oeste,Eduardo,3000.0
1775,2025-08-24,Teclado,Acessórios,1,150.0,Leste,Bruno,150.0
1028,2025-08-24,Smartphone,Eletrônicos,2,1500.0,Norte,Bruno,3000.0
1455,2025-08-25,Mouse,Acessórios,2,80.0,Centro-Oeste,Eduardo,160.0
1084,2025-08-25,Teclado,Acessórios,3,150.0,Sul,Carlos,450.0
1147,2025-08-25,Tablet,Eletrônicos,1,1200.0,Leste,Eduardo,1200.0
1898,2025-08-26,Teclado,Acessórios,4,150.0,Leste,Carlos,600.0
1473,2025-08-26,Headset,Acessórios,1,250.0,Sul,Carlos,250.0
1309,2025-08-26,Smartphone,Eletrônicos,4,1500.0,Leste,Ana,6000.0
1600,2025-08-27,Headset,Acessórios,4,250.0,Norte,Daniela,1000.0
1900,2025-08-27,Smartphone,Eletrônicos,1,1500.0,Oeste,Ana,1500.0
1865,2025-08-27,Laptop,Informática,4,3500.0,Centro-Oeste,Daniela,14000.0
1727,2025-08-27,Smartphone,Eletrônicos,4,1500.0,Centro-Oeste,Bruno,6000.0
1448,2025-08-27,Teclado,Acessórios,4,150.0,Leste,Ana,600.0
1232,2025-08-28,Tablet,Eletrônicos,1,1200.0,Oeste,Bruno,1200.0
1707,2025-08-28,Tablet,Eletrônicos,2,1200.0,Norte,Ana,2400.0
1822,2025-08-28,Laptop,Informática,2,3500.0,Leste,Ana,7000.0
1142,2025-08-29,Tablet,Eletrônicos,3,1200.0,Oeste,Daniela,3600.0
1718,2025-08-30,Laptop,Informática,4,3500.0,Leste,Daniela,14000.0
1523,2025-08-30,Teclado,Acessórios,4,150.0,Leste,Daniela,600.0
1052,2025-08-30,Tablet,Eletrônicos,2,1200.0,Leste,Bruno,2400.0
1642,2025-08-30,Mouse,Acessórios,3,80.0,Sul,Ana,240.0
1156,2025-08-31,Headset,Acessórios,4,250.0,Sul,Eduardo,1000.0
1959,2025-08-31,Laptop,Informática,1,3500.0,Leste,Carlos,3500.0
1040,2025-09-01,Tablet,Eletrônicos,1,1200.0,Centro-Oeste,Bruno,1200.0
1371,2025-09-03,Headset,Acessórios,1,250.0,Oeste,Eduardo,250.0
1486,2025-09-03,Monitor,Informática,2,800.0,Norte,Ana,1600.0
1221,2025-09-04,Smartphone,Eletrônicos,4,1500.0,Norte,Ana,6000.0
1501,2025-09-04,Smartphone,Eletrônicos,4,1500.0,Sul,Daniela,6000.0
1375,2025-09-04,Teclado,Acessórios,1,150.0,Centro-Oeste,Bruno,150.0
1803,2025-09-04,Monitor,Informática,1,800.0,Oeste,Carlos,800.0
1462,2025-09-04,Teclado,Acessórios,2,150.0,Sul,Daniela,300.0
1958,2025-09-04,Mouse,Acessórios,3,80.0,Norte,Carlos,240.0
1539,2025-09-06,Teclado,Acessórios,4,150.0,Oeste,Bruno,600.0
1824,2025-09-06,Teclado,Acessórios,2,150.0,Centro-Oeste,Bruno,300.0
1799,2025-09-06,Monitor,Informática,1,800.0,Norte,Carlos,800.0
1861,2025-09-06,Smartphone,Eletrônicos,1,1500.0,Sul,Daniela,1500.0
1768,2025-09-07,Monitor,Informática,2,800.0,Leste,Bruno,1600.0
1484,2025-09-07,Monitor,Informática,2,800.0,Oeste,Bruno,1600.0
1492,2025-09-07,Mouse,Acessórios,3,80.0,Norte,Daniela,240.0
1719,2025-09-08,Smartphone,Eletrônicos,2,1500.0,Norte,Eduardo,3000.0
1777,2025-09-08,Teclado,Acessórios,1,150.0,Oeste,Carlos,150.0
1079,2025-09-09,Smartphone,Eletrônicos,4,1500.0,Leste,Bruno,6000.0
1089,2025-09-09,Mouse,Acessórios,2,80.0,Norte,Carlos,160.0
1629,2025-09-09,Monitor,Informática,1,800.0,Sul,Bruno,800.0
1667,2025-09-09,Smartphone,Eletrônicos,1,1500.0,Norte,Ana,1500.0
1259,2025-09-09,Monitor,Informática,4,800.0,Centro-Oeste,Daniela,3200.0
1242,2025-09-09,Teclado,Acessórios,3,150.0,Sul,Eduardo,450.0
1789,2025-09-09,Smartphone,Eletrônicos,2,1500.0,Centro-Oeste,Ana,3000.0
1604,2025-09-10,Teclado,Acessórios,2,150.0,Sul,Eduardo,300.0
1027,2025-09-10,Headset,Acessórios,1,250.0,Norte,Daniela,250.0
1879,2025-09-10,Tablet,Eletrônicos,3,1200.0,Centro-Oeste,Eduardo,3600.0
1522,2025-09-10,Tablet,Eletrônicos,3,1200.0,Norte,Ana,3600.0
1710,2025-09-10,Teclado,Acessórios,4,150.0,Centro-Oeste,Carlos,600.0
1348,2025-09-10,Laptop,Informática,4,3500.0,Norte,Bruno,14000.0
1286,2025-09-11,Headset,Acessórios,1,250.0,Oeste,Daniela,250.0
1266,2025-09-11,Headset,Acessórios,4,250.0,Centro-Oeste,Eduardo,1000.0
1480,2025-09-11,Mouse,Acessórios,3,80.0,Sul,Carlos,240.0
1226,2025-09-12,Headset,Acessórios,3,250.0,Norte,Daniela,750.0
1131,2025-09-12,Teclado,Acessórios,4,150.0,Centro-Oeste,Bruno,600.0
1780,2025-09-12,Tablet,Eletrônicos,4,1200.0,Sul,Eduardo,4800.0
1350,2025-09-13,Smartphone,Eletrônicos,4,1500.0,Sul,Ana,6000.0
1712,2025-09-13,Headset,Acessórios,1,250.0,Oeste,Ana,250.0
1875,2025-09-14,Teclado,Acessórios,3,150.0,Sul,Carlos,450.0
1128,2025-09-14,Teclado,Acessórios,2,150.0,Centro-Oeste,Eduardo,300.0
1495,2025-09-14,Tablet,Eletrônicos,4,1200.0,Leste,Eduardo,4800.0
1502,2025-09-15,Smartphone,Eletrônicos,3,1500.0,Sul,Ana,4500.0
1019,2025-09-15,Smartphone,Eletrônicos,2,1500.0,Sul,Carlos,3000.0
1240,2025-09-16,Monitor,Informática,1,800.0,Oeste,Carlos,800.0
1180,2025-09-16,Headset,Acessórios,2,250.0,Oeste,Daniela,500.0
1771,2025-09-16,Teclado,Acessórios,1,150.0,Oeste,Daniela,150.0
1680,2025-09-16,Headset,Acessórios,3,250.0,Leste,Ana,750.0
1747,2025-09-16,Tablet,Eletrônicos,2,1200.0,Norte,Bruno,2400.0
1760,2025-09-17,Headset,Acessórios,2,250.0,Leste,Carlos,500.0
1067,2025-09-17,Headset,Acessórios,1,250.0,Norte,Daniela,250.0
1107,2025-09-18,Smartphone,Eletrônicos,1,1500.0,Norte,Eduardo,1500.0
1419,2025-09-19,Teclado,Acessórios,1,150.0,Leste,Eduardo,150.0
1816,2025-09-19,Teclado,Acessórios,1,150.0,Leste,Daniela,150.0
1258,2025-09-20,Smartphone,Eletrônicos,4,1500.0,Leste,Daniela,6000.0
1528,2025-09-21,Teclado,Acessórios,2,150.0,Norte,Bruno,300.0
1930,2025-09-21,Tablet,Eletrônicos,3,1200.0,Sul,Ana,3600.0
1315,2025-09-21,Teclado,Acessórios,3,150.0,Norte,Eduardo,450.0
1058,2025-09-21,Mouse,Acessórios,1,80.0,Centro-Oeste,Daniela,80.0
1412,2025-09-21,Teclado,Acessórios,2,150.0,Sul,Eduardo,300.0
1386,2025-09-21,Monitor,Informática,1,800.0,Norte,Carlos,800.0
1572,2025-09-22,Tablet,Eletrônicos,1,1200.0,Leste,Bruno,1200.0
1053,2025-09-22,Teclado,Acessórios,3,150.0,Oeste,Ana,450.0
1729,2025-09-24,Tablet,Eletrônicos,4,1200.0,Sul,Eduardo,4800.0
1254,2025-09-24,Headset,Acessórios,2,250.0,Leste,Bruno,500.0
1773,2025-09-25,Smartphone,Eletrônicos,2,1500.0,Leste,Eduardo,3000.0
1114,2025-09-25,Monitor,Informática,4,800.0,Leste,Ana,3200.0
1199,2025-09-25,Headset,Acessórios,2,250.0,Oeste,Daniela,500.0
1511,2025-09-25,Tablet,Eletrônicos,2,1200.0,Sul,Bruno,2400.0
1553,2025-09-25,Teclado,Acessórios,4,150.0,Norte,Eduardo,600.0
1427,2025-09-26,Smartphone,Eletrônicos,2,1500.0,Oeste,Carlos,3000.0
1074,2025-09-27,Headset,Acessórios,4,250.0,Sul,Ana,1000.0
1077,2025-09-28,Smartphone,Eletrônicos,4,1500.0,Oeste,Eduardo,6000.0
1409,2025-09-28,Laptop,Informática,2,3500.0,Centro-Oeste,Daniela,7000.0
1003,2025-09-28,Smartphone,Eletrônicos,3,1500.0,Centro-Oeste,Bruno,4500.0
1034,2025-09-28,Mouse,Acessórios,2,80.0,Norte,Eduardo,160.0
1685,2025-09-29,Laptop,Informática,4,3500.0,Leste,Daniela,14000.0
1456,2025-09-29,Laptop,Informática,2,3500.0,Leste,Eduardo,7000.0
1812,2025-09-30,Headset,Acessórios,4,250.0,Leste,Ana,1000.0
1368,2025-09-30,Laptop,Informática,4,3500.0,Leste,Bruno,14000.0
1910,2025-09-30,Monitor,Informática,3,800.0,Norte,Eduardo,2400.0
1561,2025-09-30,Teclado,Acessórios,1,150.0,Centro-Oeste,Daniela,150.0
1048,2025-10-01,Teclado,Acessórios,3,150.0,Oeste,Eduardo,450.0
1901,2025-10-01,Tablet,Eletrônicos,3,1200.0,Centro-Oeste,Eduardo,3600.0
1435,2025-10-02,Teclado,Acessórios,2,150.0,Norte,Eduardo,300.0
1985,2025-10-02,Headset,Acessórios,1,250.0,Leste,Ana,250.0
1630,2025-10-02,Teclado,Acessórios,2,150.0,Leste,Bruno,300.0
1945,2025-10-04,Monitor,Informática,3,800.0,Leste,Ana,2400.0
1538,2025-10-04,Headset,Acessórios,3,250.0,Leste,Ana,750.0
1023,2025-10-04,Mouse,Acessórios,2,80.0,Oeste,Bruno,160.0
1301,2025-10-04,Headset,Acessórios,1,250.0,Leste,Bruno,250.0
1319,2025-10-04,Tablet,Eletrônicos,1,1200.0,Sul,Carlos,1200.0
1842,2025-10-04,Mouse,Acessórios,2,80.0,Oeste,Eduardo,160.0
1460,2025-10-05,Smartphone,Eletrônicos,3,1500.0,Norte,Daniela,4500.0
1556,2025-10-06,Laptop,Informática,3,3500.0,Norte,Daniela,10500.0
1442,2025-10-06,Monitor,Informática,1,800.0,Oeste,Eduardo,800.0
1499,2025-10-07,Laptop,Informática,3,3500.0,Oeste,Ana,10500.0
1339,2025-10-07,Monitor,Informática,2,800.0,Norte,Carlos,1600.0
1228,2025-10-07,Tablet,Eletrônicos,1,1200.0,Centro-Oeste,Ana,1200.0
1087,2025-10-07,Tablet,Eletrônicos,4,1200.0,Norte,Eduardo,4800.0
1361,2025-10-07,Smartphone,Eletrônicos,3,1500.0,Leste,Eduardo,4500.0
1354,2025-10-08,Teclado,Acessórios,2,150.0,Centro-Oeste,Ana,300.0
1832,2025-10-08,Smartphone,Eletrônicos,1,1500.0,Centro-Oeste,Carlos,1500.0
1860,2025-10-09,Tablet,Eletrônicos,4,1200.0,Leste,Carlos,4800.0
1937,2025-10-09,Monitor,Informática,4,800.0,Oeste,Carlos,3200.0
1731,2025-10-09,Teclado,Acessórios,3,150.0,Norte,Carlos,450.0
1611,2025-10-10,Laptop,Informática,1,3500.0,Sul,Bruno,3500.0
1133,2025-10-10,Teclado,Acessórios,3,150.0,Leste,Daniela,450.0
1176,2025-10-10,Headset,Acessórios,2,250.0,Sul,Daniela,500.0
1736,2025-10-10,Monitor,Informática,4,800.0,Leste,Bruno,3200.0
1316,2025-10-10,Smartphone,Eletrônicos,3,1500.0,Centro-Oeste,Bruno,4500.0
1322,2025-10-11,Headset,Acessórios,1,250.0,Sul,Daniela,250.0
1164,2025-10-11,Laptop,Informática,1,3500.0,Sul,Ana,3500.0
1573,2025-10-11,Headset,Acessórios,2,250.0,Norte,Daniela,500.0
1158,2025-10-11,Mouse,Acessórios,4,80.0,Centro-Oeste,Ana,320.0
1468,2025-10-12,Tablet,Eletrônicos,1,1200.0,Sul,Bruno,1200.0
1808,2025-10-12,Laptop,Informática,2,3500.0,Sul,Daniela,7000.0
1518,2025-10-12,Mouse,Acessórios,3,80.0,Oeste,Daniela,240.0
1560,2025-10-13,Laptop,Informática,4,3500.0,Centro-Oeste,Ana,14000.0
1717,2025-10-13,Monitor,Informática,3,800.0,Sul,Bruno,2400.0
1169,2025-10-13,Tablet,Eletrônicos,2,1200.0,Centro-Oeste,Ana,2400.0
1795,2025-10-13,Teclado,Acessórios,4,150.0,Leste,Bruno,600.0
1320,2025-10-13,Headset,Acessórios,2,250.0,Centro-Oeste,Ana,500.0
1761,2025-10-15,Mouse,Acessórios,4,80.0,Centro-Oeste,Eduardo,320.0
1363,2025-10-15,Teclado,Acessórios,2,150.0,Oeste,Carlos,300.0
1392,2025-10-15,Headset,Acessórios,2,250.0,Leste,Ana,500.0
1106,2025-10-16,Smartphone,Eletrônicos,1,1500.0,Oeste,Ana,1500.0
1943,2025-10-16,Smartphone,Eletrônicos,2,1500.0,Leste,Daniela,3000.0
1300,2025-10-16,Headset,Acessórios,2,250.0,Sul,Bruno,500.0
1723,2025-10-16,Tablet,Eletrônicos,3,1200.0,Sul,Ana,3600.0
1479,2025-10-16,Mouse,Acessórios,4,80.0,Oeste,Ana,320.0
1449,2025-10-17,Smartphone,Eletrônicos,2,1500.0,Norte,Eduardo,3000.0
1489,2025-10-17,Monitor,Informática,3,800.0,Sul,Ana,2400.0
1627,2025-10-19,Headset,Acessórios,1,250.0,Oeste,Carlos,250.0
1874,2025-10-19,Headset,Acessórios,4,250.0,Centro-Oeste,Carlos,1000.0
1997,2025-10-20,Laptop,Informática,2,3500.0,Sul,Ana,7000.0
1119,2025-10-20,Tablet,Eletrônicos,1,1200.0,Sul,Eduardo,1200.0
1227,2025-10-21,Laptop,Informática,1,3500.0,Oeste,Ana,3500.0
1902,2025-10-21,Teclado,Acessórios,3,150.0,Leste,Ana,450.0
1021,2025-10-21,Tablet,Eletrônicos,3,1200.0,Oeste,Ana,3600.0
1791,2025-10-21,Tablet,Eletrônicos,3,1200.0,Oeste,Eduardo,3600.0
1200,2025-10-22,Smartphone,Eletrônicos,3,1500.0,Oeste,Carlos,4500.0
1081,2025-10-23,Headset,Acessórios,3,250.0,Centro-Oeste,Eduardo,750.0
1256,2025-10-25,Monitor,Informática,1,800.0,Leste,Bruno,800.0
1370,2025-10-26,Headset,Acessórios,4,250.0,Centro-Oeste,Daniela,1000.0
1914,2025-10-27,Monitor,Informática,4,800.0,Oeste,Daniela,3200.0
1980,2025-10-27,Monitor,Informática,3,800.0,Sul,Bruno,2400.0
1858,2025-10-28,Laptop,Informática,1,3500.0,Sul,Bruno,3500.0
1625,2025-10-28,Tablet,Eletrônicos,1,1200.0,Centro-Oeste,Ana,1200.0
1094,2025-10-28,Monitor,Informática,3,800.0,Norte,Carlos,2400.0
1341,2025-10-29,Mouse,Acessórios,4,80.0,Centro-Oeste,Carlos,320.0
1521,2025-10-29,Monitor,Informática,4,800.0,Norte,Ana,3200.0
1781,2025-10-30,Laptop,Informática,2,3500.0,Oeste,Daniela,7000.0
1662,2025-10-30,Teclado,Acessórios,1,150.0,Centro-Oeste,Eduardo,150.0
1714,2025-10-30,Smartphone,Eletrônicos,3,1500.0,Norte,Ana,4500.0
1882,2025-10-30,Monitor,Informática,4,800.0,Oeste,Carlos,3200.0
1302,2025-10-31,Tablet,Eletrônicos,1,1200.0,Norte,Daniela,1200.0
1274,2025-10-31,Mouse,Acessórios,1,80.0,Oeste,Eduardo,80.0
1076,2025-10-31,Smartphone,Eletrônicos,2,1500.0,Centro-Oeste,Carlos,3000.0
1324,2025-10-31,Mouse,Acessórios,3,80.0,Norte,Eduardo,240.0
1265,2025-10-31,Smartphone,Eletrônicos,2,1500.0,Sul,Bruno,3000.0
1405,2025-11-01,Mouse,Acessórios,3,80.0,Oeste,Bruno,240.0
1675,2025-11-01,Teclado,Acessórios,4,150.0,Leste,Bruno,600.0
1772,2025-11-02,Teclado,Acessórios,1,150.0,Norte,Carlos,150.0
1378,2025-11-02,Smartphone,Eletrônicos,1,1500.0,Leste,Bruno,1500.0
1792,2025-11-02,Smartphone,Eletrônicos,2,1500.0,Sul,Eduardo,3000.0
1187,2025-11-03,Smartphone,Eletrônicos,3,1500.0,Sul,Eduardo,4500.0
1043,2025-11-03,Mouse,Acessórios,2,80.0,Norte,Daniela,160.0
1248,2025-11-04,Mouse,Acessórios,2,80.0,Centro-Oeste,Ana,160.0
1798,2025-11-04,Laptop,Informática,3,3500.0,Norte,Bruno,10500.0
1425,2025-11-04,Smartphone,Eletrônicos,1,1500.0,Norte,Daniela,1500.0
1018,2025-11-05,Smartphone,Eletrônicos,1,1500.0,Sul,Eduardo,1500.0
1068,2025-11-06,Mouse,Acessórios,3,80.0,Oeste,Daniela,240.0
1294,2025-11-06,Mouse,Acessórios,4,80.0,Norte,Daniela,320.0
1956,2025-11-07,Headset,Acessórios,2,250.0,Oeste,Carlos,500.0
1424,2025-11-07,Laptop,Informática,3,3500.0,Oeste,Carlos,10500.0
1741,2025-11-07,Smartphone,Eletrônicos,4,1500.0,Sul,Eduardo,6000.0
1716,2025-11-08,Tablet,Eletrônicos,1,1200.0,Oeste,Bruno,1200.0
1653,2025-11-08,Mouse,Acessórios,2,80.0,Centro-Oeste,Bruno,160.0
1894,2025-11-08,Laptop,Informática,3,3500.0,Leste,Eduardo,10500.0
1778,2025-11-09,Tablet,Eletrônicos,3,1200.0,Oeste,Bruno,3600.0
1381,2025-11-09,Monitor,Informática,3,800.0,Sul,Bruno,2400.0
1402,2025-11-10,Headset,Acessórios,1,250.0,Oeste,Eduardo,250.0
1025,2025-11-10,Tablet,Eletrônicos,4,1200.0,Sul,Daniela,4800.0
1534,2025-11-10,Headset,Acessórios,1,250.0,Oeste,Carlos,250.0
1191,2025-11-11,Smartphone,Eletrônicos,1,1500.0,Centro-Oeste,Bruno,1500.0
1735,2025-11-11,Smartphone,Eletrônicos,3,1500.0,Oeste,Bruno,4500.0
1940,2025-11-11,Laptop,Informática,3,3500.0,Norte,Ana,10500.0
1380,2025-11-12,Teclado,Acessórios,3,150.0,Norte,Bruno,450.0
1695,2025-11-12,Teclado,Acessórios,2,150.0,Oeste,Bruno,300.0
1050,2025-11-12,Monitor,Informática,2,800.0,Oeste,Bruno,1600.0
1647,2025-11-13,Teclado,Acessórios,4,150.0,Norte,Carlos,600.0
1661,2025-11-13,Smartphone,Eletrônicos,1,1500.0,Sul,Bruno,1500.0
1846,2025-11-13,Laptop,Informática,3,3500.0,Centro-Oeste,Ana,10500.0
1323,2025-11-13,Teclado,Acessórios,3,150.0,Centro-Oeste,Bruno,450.0
1952,2025-11-14,Smartphone,Eletrônicos,2,1500.0,Leste,Eduardo,3000.0
1441,2025-11-14,Laptop,Informática,1,3500.0,Oeste,Ana,3500.0
1184,2025-11-14,Tablet,Eletrônicos,2,1200.0,Centro-Oeste,Carlos,2400.0
1197,2025-11-14,Monitor,Informática,4,800.0,Centro-Oeste,Daniela,3200.0
1434,2025-11-15,Mouse,Acessórios,4,80.0,Leste,Bruno,320.0
1869,2025-11-15,Laptop,Informática,3,3500.0,Leste,Carlos,10500.0
1938,2025-11-16,Mouse,Acessórios,1,80.0,Centro-Oeste,Bruno,80.0
1995,2025-11-16,Laptop,Informática,4,3500.0,Sul,Eduardo,14000.0
1041,2025-11-16,Tablet,Eletrônicos,1,1200.0,Leste,Carlos,1200.0
1620,2025-11-17,Tablet,Eletrônicos,4,1200.0,Oeste,Bruno,4800.0
1385,2025-11-17,Mouse,Acessórios,4,80.0,Sul,Bruno,320.0
1391,2025-11-18,Mouse,Acessórios,2,80.0,Oeste,Bruno,160.0
1966,2025-11-18,Monitor,Informática,1,800.0,Leste,Carlos,800.0
1358,2025-11-19,Monitor,Informática,3,800.0,Sul,Carlos,2400.0
1512,2025-11-19,Tablet,Eletrônicos,1,1200.0,Norte,Carlos,1200.0
1351,2025-11-19,Headset,Acessórios,2,250.0,Sul,Carlos,500.0
1984,2025-11-20,Monitor,Informática,3,800.0,Leste,Daniela,2400.0
1222,2025-11-20,Laptop,Informática,2,3500.0,Leste,Eduardo,7000.0
1487,2025-11-21,Tablet,Eletrônicos,4,1200.0,Leste,Carlos,4800.0
1496,2025-11-21,Laptop,Informática,3,3500.0,Leste,Eduardo,10500.0
1229,2025-11-21,Laptop,Informática,4,3500.0,Norte,Carlos,14000.0
1982,2025-11-22,Mouse,Acessórios,4,80.0,Sul,Eduardo,320.0
1848,2025-11-22,Monitor,Informática,1,800.0,Norte,Bruno,800.0
1238,2025-11-22,Smartphone,Eletrônicos,4,1500.0,Centro-Oeste,Eduardo,6000.0
1408,2025-11-22,Monitor,Informática,4,800.0,Centro-Oeste,Eduardo,3200.0
1097,2025-11-23,Teclado,Acessórios,4,150.0,Oeste,Ana,600.0
1623,2025-11-23,Teclado,Acessórios,3,150.0,Oeste,Ana,450.0
1154,2025-11-23,Mouse,Acessórios,4,80.0,Leste,Bruno,320.0
1113,2025-11-24,Mouse,Acessórios,2,80.0,Leste,Daniela,160.0
1046,2025-11-25,Tablet,Eletrônicos,2,1200.0,Centro-Oeste,Ana,2400.0
1811,2025-11-26,Headset,Acessórios,3,250.0,Leste,Bruno,750.0
1683,2025-11-26,Mouse,Acessórios,4,80.0,Norte,Ana,320.0
1515,2025-11-26,Monitor,Informática,1,800.0,Norte,Ana,800.0
1011,2025-11-27,Laptop,Informática,3,3500.0,Norte,Ana,10500.0
1951,2025-11-27,Mouse,Acessórios,3,80.0,Leste,Daniela,240.0
1598,2025-11-27,Headset,Acessórios,2,250.0,Norte,Ana,500.0
1170,2025-11-27,Monitor,Informática,1,800.0,Norte,Daniela,800.0
2000,2025-11-29,Headset,Acessórios,1,250.0,Oeste,Bruno,250.0
1970,2025-12-01,Mouse,Acessórios,2,80.0,Centro-Oeste,Ana,160.0
1976,2025-12-01,Smartphone,Eletrônicos,1,1500.0,Norte,Ana,1500.0
1796,2025-12-01,Smartphone,Eletrônicos,2,1500.0,Leste,Daniela,3000.0
1801,2025-12-01,Tablet,Eletrônicos,2,1200.0,Sul,Daniela,2400.0
1500,2025-12-02,Teclado,Acessórios,1,150.0,Centro-Oeste,Carlos,150.0
1827,2025-12-02,Headset,Acessórios,2,250.0,Sul,Eduardo,500.0
1526,2025-12-03,Tablet,Eletrônicos,4,1200.0,Sul,Ana,4800.0
1872,2025-12-03,Laptop,Informática,2,3500.0,Centro-Oeste,Ana,7000.0
1292,2025-12-04,Laptop,Informática,3,3500.0,Centro-Oeste,Bruno,10500.0
1794,2025-12-04,Tablet,Eletrônicos,1,1200.0,Leste,Ana,1200.0
1251,2025-12-04,Laptop,Informática,1,3500.0,Centro-Oeste,Ana,3500.0
1085,2025-12-04,Tablet,Eletrônicos,3,1200.0,Leste,Ana,3600.0
1577,2025-12-05,Mouse,Acessórios,4,80.0,Oeste,Daniela,320.0
1617,2025-12-05,Laptop,Informática,1,3500.0,Norte,Ana,3500.0
1285,2025-12-06,Tablet,Eletrônicos,3,1200.0,Sul,Daniela,3600.0
1504,2025-12-06,Smartphone,Eletrônicos,3,1500.0,Oeste,Bruno,4500.0
1056,2025-12-06,Tablet,Eletrônicos,3,1200.0,Sul,Ana,3600.0
1813,2025-12-06,Laptop,Informática,3,3500.0,Centro-Oeste,Eduardo,10500.0
1168,2025-12-06,Monitor,Informática,4,800.0,Sul,Carlos,3200.0
1730,2025-12-07,Mouse,Acessórios,4,80.0,Leste,Bruno,320.0
1476,2025-12-07,Laptop,Informática,1,3500.0,Oeste,Daniela,3500.0
1784,2025-12-07,Teclado,Acessórios,4,150.0,Centro-Oeste,Daniela,600.0
1404,2025-12-08,Mouse,Acessórios,1,80.0,Oeste,Daniela,80.0
1565,2025-12-08,Mouse,Acessórios,1,80.0,Norte,Carlos,80.0
1394,2025-12-08,Laptop,Informática,2,3500.0,Norte,Bruno,7000.0
1364,2025-12-08,Monitor,Informática,2,800.0,Oeste,Ana,1600.0
1621,2025-12-08,Headset,Acessórios,3,250.0,Oeste,Daniela,750.0
1734,2025-12-08,Smartphone,Eletrônicos,1,1500.0,Leste,Carlos,1500.0
1211,2025-12-09,Smartphone,Eletrônicos,1,1500.0,Sul,Eduardo,1500.0
1099,2025-12-10,Monitor,Informática,2,800.0,Oeste,Eduardo,1600.0
1020,2025-12-10,Smartphone,Eletrônicos,4,1500.0,Sul,Ana,6000.0
1029,2025-12-11,Teclado,Acessórios,4,150.0,Oeste,Bruno,600.0
1096,2025-12-11,Headset,Acessórios,1,250.0,Oeste,Daniela,250.0
1261,2025-12-12,Mouse,Acessórios,4,80.0,Centro-Oeste,Carlos,320.0
1054,2025-12-12,Teclado,Acessórios,2,150.0,Leste,Eduardo,300.0
1243,2025-12-12,Smartphone,Eletrônicos,3,1500.0,Sul,Daniela,4500.0
1136,2025-12-12,Monitor,Informática,2,800.0,Oeste,Daniela,1600.0
1438,2025-12-12,Headset,Acessórios,1,250.0,Centro-Oeste,Carlos,250.0
1853,2025-12-12,Teclado,Acessórios,2,150.0,Centro-Oeste,Ana,300.0
1636,2025-12-12,Monitor,Informática,1,800.0,Centro-Oeste,Bruno,800.0
1797,2025-12-13,Teclado,Acessórios,4,150.0,Leste,Eduardo,600.0
1650,2025-12-14,Smartphone,Eletrônicos,3,1500.0,Centro-Oeste,Bruno,4500.0
1690,2025-12-14,Tablet,Eletrônicos,1,1200.0,Oeste,Ana,1200.0
1172,2025-12-14,Monitor,Informática,4,800.0,Leste,Daniela,3200.0
1763,2025-12-14,Teclado,Acessórios,1,150.0,Centro-Oeste,Eduardo,150.0
1340,2025-12-15,Teclado,Acessórios,2,150.0,Norte,Eduardo,300.0
1239,2025-12-15,Headset,Acessórios,4,250.0,Norte,Carlos,1000.0
1291,2025-12-15,Smartphone,Eletrônicos,1,1500.0,Norte,Carlos,1500.0
1461,2025-12-15,Tablet,Eletrônicos,1,1200.0,Oeste,Daniela,1200.0
1002,2025-12-15,Tablet,Eletrônicos,4,1200.0,Oeste,Bruno,4800.0
1953,2025-12-16,Smartphone,Eletrônicos,2,1500.0,Sul,Carlos,3000.0
1867,2025-12-16,Smartphone,Eletrônicos,4,1500.0,Leste,Carlos,6000.0
1421,2025-12-16,Monitor,Informática,3,800.0,Sul,Carlos,2400.0
1950,2025-12-16,Monitor,Informática,2,800.0,Centro-Oeste,Eduardo,1600.0
1075,2025-12-17,Headset,Acessórios,4,250.0,Sul,Daniela,1000.0
1744,2025-12-17,Monitor,Informática,4,800.0,Oeste,Ana,3200.0
1140,2025-12-18,Headset,Acessórios,1,250.0,Sul,Daniela,250.0
1834,2025-12-18,Smartphone,Eletrônicos,2,1500.0,Oeste,Eduardo,3000.0
1246,2025-12-18,Headset,Acessórios,3,250.0,Leste,Carlos,750.0
1390,2025-12-20,Tablet,Eletrônicos,4,1200.0,Sul,Eduardo,4800.0
1558,2025-12-21,Smartphone,Eletrônicos,1,1500.0,Leste,Carlos,1500.0
1878,2025-12-21,Tablet,Eletrônicos,1,1200.0,Leste,Ana,1200.0
1423,2025-12-21,Mouse,Acessórios,1,80.0,Norte,Ana,80.0
1377,2025-12-21,Mouse,Acessórios,4,80.0,Oeste,Ana,320.0
1999,2025-12-22,Headset,Acessórios,3,250.0,Oeste,Eduardo,750.0
1541,2025-12-23,Headset,Acessórios,3,250.0,Norte,Daniela,750.0
1699,2025-12-23,Laptop,Informática,2,3500.0,Leste,Daniela,7000.0
1482,2025-12-23,Smartphone,Eletrônicos,4,1500.0,Centro-Oeste,Bruno,6000.0
1686,2025-12-24,Smartphone,Eletrônicos,2,1500.0,Oeste,Carlos,3000.0
1746,2025-12-24,Smartphone,Eletrônicos,1,1500.0,Leste,Carlos,1500.0
1132,2025-12-25,Teclado,Acessórios,1,150.0,Norte,Ana,150.0
1181,2025-12-25,Laptop,Informática,3,3500.0,Sul,Carlos,10500.0
1359,2025-12-26,Laptop,Informática,3,3500.0,Sul,Daniela,10500.0
1252,2025-12-26,Teclado,Acessórios,2,150.0,Leste,Ana,300.0
1122,2025-12-26,Mouse,Acessórios,3,80.0,Centro-Oeste,Bruno,240.0
1063,2025-12-26,Teclado,Acessórios,3,150.0,Norte,Carlos,450.0
1014,2025-12-26,Monitor,Informática,4,800.0,Sul,Eduardo,3200.0
1830,2025-12-26,Mouse,Acessórios,1,80.0,Sul,Carlos,80.0
1648,2025-12-27,Smartphone,Eletrônicos,4,1500.0,Leste,Bruno,6000.0
1559,2025-12-27,Headset,Acessórios,4,250.0,Oeste,Bruno,1000.0
1899,2025-12-29,Monitor,Informática,3,800.0,Centro-Oeste,Bruno,2400.0
1631,2025-12-30,Mouse,Acessórios,1,80.0,Norte,Ana,80.0
1038,2025-12-30,Laptop,Informática,1,3500.0,Leste,Bruno,3500.0
1941,2025-12-31,Teclado,Acessórios,3,150.0,Norte,Daniela,450.0
1720,2025-12-31,Teclado,Acessórios,2,150.0,Sul,Ana,300.0
1619,2025-12-31,Mouse,Acessórios,3,80.0,Leste,Bruno,240.0
1313,2025-12-31,Laptop,Informática,2,3500.0,Sul,Bruno,7000.0
1420,2025-12-31,Laptop,Informática,1,3500.0,Leste,Ana,3500.0
1890,2025-12-31,Tablet,Eletrônicos,2,1200.0,Centro-Oeste,Eduardo,2400.0
